TxnDate,TxnTime,Consumption
01-Jan-22,16:55:52,1.01
01-Jan-22,21:45:29,0.908
01-Jan-22,12:24:52,0.926
01-Jan-22,4:07:36,0.928
01-Jan-22,6:52:25,0.916
01-Jan-22,10:20:09,0.972
01-Jan-22,15:32:01,0.878
01-Jan-22,19:23:47,1.902
01-Jan-22,11:19:47,0.9
01-Jan-22,14:52:01,0.928
01-Jan-22,23:53:01,0.994
01-Jan-22,1:41:48,1.85
01-Jan-22,10:39:50,0.896
01-Jan-22,6:32:56,0.964
01-Jan-22,15:12:09,0.906
01-Jan-22,12:45:05,0.904
01-Jan-22,22:05:56,0.904
01-Jan-22,7:14:24,1.02
01-Jan-22,2:47:00,1.092
01-Jan-22,0:42:33,0.904
01-Jan-22,3:47:47,0.92
01-Jan-22,20:44:08,0.884
01-Jan-22,16:12:37,0.876
01-Jan-22,12:05:06,0.976
01-Jan-22,3:06:30,0.924
01-Jan-22,1:01:51,0.904
01-Jan-22,11:43:40,1.09
01-Jan-22,23:31:01,0.964
01-Jan-22,10:59:47,0.942
01-Jan-22,2:22:52,1.878
01-Jan-22,20:03:52,0.892
01-Jan-22,14:31:39,0.972
01-Jan-22,9:58:43,0.918
01-Jan-22,5:51:27,0.9
01-Jan-22,14:10:15,0.9
01-Jan-22,18:42:25,0.87
01-Jan-22,22:49:58,0.964
01-Jan-22,4:28:02,0.944
01-Jan-22,8:38:00,0.946
01-Jan-22,13:50:19,1.052
01-Jan-22,22:28:26,1.052
01-Jan-22,7:34:40,0.92
01-Jan-22,3:27:40,0.944
01-Jan-22,0:22:28,1.03
01-Jan-22,20:24:31,0.94
01-Jan-22,15:53:43,0.978
01-Jan-22,17:39:34,0.922
01-Jan-22,21:25:49,0.92
01-Jan-22,13:06:25,0.956
01-Jan-22,5:07:43,0.93
01-Jan-22,8:17:20,1.962
01-Jan-22,16:33:12,0.936
01-Jan-22,21:05:13,0.976
01-Jan-22,6:11:59,0.928
01-Jan-22,19:44:16,0.932
01-Jan-22,13:27:37,0.964
01-Jan-22,9:38:30,1.88
01-Jan-22,5:31:53,1.098
01-Jan-22,18:22:53,1.98
01-Jan-22,23:09:54,0.93
01-Jan-22,4:48:02,0.896
01-Jan-22,8:57:36,0.92
01-Jan-22,17:18:43,1.05
02-Jan-22,5:45:06,0.962
02-Jan-22,1:56:52,0.872
02-Jan-22,12:42:40,2.914
02-Jan-22,15:44:50,3.688
02-Jan-22,13:23:26,6.33
02-Jan-22,2:16:48,0.94
02-Jan-22,10:17:01,5.948
02-Jan-22,7:07:36,0.92
02-Jan-22,13:43:32,2.824
02-Jan-22,17:26:47,9.778
02-Jan-22,6:27:10,1.002
02-Jan-22,14:42:57,5.754
02-Jan-22,17:47:02,4.9
02-Jan-22,10:57:55,4.534
02-Jan-22,7:29:02,1.03
02-Jan-22,3:21:57,1.124
02-Jan-22,3:41:38,0.89
02-Jan-22,11:19:09,5.314
02-Jan-22,23:56:26,1.172
02-Jan-22,23:31:40,14.95
02-Jan-22,16:04:39,3.238
02-Jan-22,22:42:19,16.92
02-Jan-22,4:02:06,0.93
02-Jan-22,8:31:26,17.884
02-Jan-22,18:07:31,4.718
02-Jan-22,1:37:09,0.98
02-Jan-22,9:34:40,27.108
02-Jan-22,9:55:18,6.612
02-Jan-22,6:47:46,0.936
02-Jan-22,16:45:24,3.336
02-Jan-22,2:57:34,0.948
02-Jan-22,18:48:48,4.934
02-Jan-22,11:39:47,4.652
02-Jan-22,15:25:08,3.086
02-Jan-22,19:37:20,7.482
02-Jan-22,20:20:59,11.704
02-Jan-22,19:11:49,6.18
02-Jan-22,14:03:26,1.856
02-Jan-22,0:55:12,0.928
02-Jan-22,7:50:40,9.862
02-Jan-22,2:37:03,0.908
02-Jan-22,16:26:40,3.56
02-Jan-22,15:04:12,2.366
02-Jan-22,12:23:27,7.676
02-Jan-22,4:41:47,1.82
02-Jan-22,0:12:25,0.906
02-Jan-22,18:29:37,5.004
02-Jan-22,5:23:40,1.93
02-Jan-22,0:34:37,0.994
02-Jan-22,21:23:06,5.738
02-Jan-22,21:49:08,8.618
02-Jan-22,21:02:58,6.434
02-Jan-22,20:40:58,5.234
02-Jan-22,6:05:51,0.954
02-Jan-22,1:16:03,0.968
02-Jan-22,10:38:42,5.2
03-Jan-22,19:17:08,5.3
03-Jan-22,14:40:55,3.844
03-Jan-22,23:26:09,5.712
03-Jan-22,17:12:30,3.588
03-Jan-22,21:22:20,12.324
03-Jan-22,16:31:23,6.144
03-Jan-22,19:59:23,5.622
03-Jan-22,23:47:04,5.3
03-Jan-22,16:52:02,3.54
03-Jan-22,10:02:19,9.792
03-Jan-22,9:24:50,11.068
03-Jan-22,8:47:11,9.94
03-Jan-22,10:43:39,8.698
03-Jan-22,11:22:39,7.328
03-Jan-22,18:56:56,5.614
03-Jan-22,17:54:34,5.028
03-Jan-22,2:28:01,1.564
03-Jan-22,3:32:05,1.536
03-Jan-22,2:58:02,1.382
03-Jan-22,4:00:43,1.324
03-Jan-22,4:31:08,1.372
03-Jan-22,18:34:37,5.23
03-Jan-22,22:05:06,6.522
03-Jan-22,5:01:23,1.368
03-Jan-22,5:38:15,1.688
03-Jan-22,6:17:11,1.776
03-Jan-22,8:09:33,8.18
03-Jan-22,7:31:34,4.638
03-Jan-22,6:54:36,1.714
03-Jan-22,21:42:57,6.268
03-Jan-22,15:25:28,2.586
03-Jan-22,22:24:48,6.594
03-Jan-22,18:14:35,4.216
03-Jan-22,15:04:16,3.01
03-Jan-22,22:45:51,6.088
03-Jan-22,12:04:20,6.68
03-Jan-22,12:44:33,5.896
03-Jan-22,13:24:15,5.578
03-Jan-22,14:04:49,5.604
03-Jan-22,15:48:01,2.556
03-Jan-22,19:39:28,5.606
03-Jan-22,23:06:22,6.068
03-Jan-22,17:33:09,4.744
03-Jan-22,20:40:51,12.604
03-Jan-22,1:24:29,1.414
03-Jan-22,1:53:54,1.332
03-Jan-22,0:53:00,1.4
03-Jan-22,0:22:43,1.186
04-Jan-22,13:55:35,3.066
04-Jan-22,10:01:54,12.024
04-Jan-22,5:52:52,0.898
04-Jan-22,1:27:48,0.908
04-Jan-22,20:33:17,2.454
04-Jan-22,3:31:05,0.934
04-Jan-22,22:57:49,7.056
04-Jan-22,19:09:23,4.664
04-Jan-22,7:58:56,5.89
04-Jan-22,11:27:17,4.488
04-Jan-22,4:53:54,0.99
04-Jan-22,8:59:38,6.606
04-Jan-22,0:07:38,0.924
04-Jan-22,12:30:48,3.894
04-Jan-22,15:43:55,2.226
04-Jan-22,23:18:47,7.384
04-Jan-22,7:38:09,7.206
04-Jan-22,14:38:12,1.236
04-Jan-22,18:27:23,2.208
04-Jan-22,5:13:33,0.89
04-Jan-22,1:08:23,0.964
04-Jan-22,12:51:30,3.516
04-Jan-22,16:43:12,2.152
04-Jan-22,14:16:58,1.788
04-Jan-22,10:45:44,4.37
04-Jan-22,18:06:35,2.328
04-Jan-22,22:16:51,15.97
04-Jan-22,21:13:42,2.52
04-Jan-22,2:30:35,0.924
04-Jan-22,6:56:02,0.994
04-Jan-22,6:56:02,0.994
04-Jan-22,17:24:42,2.194
04-Jan-22,5:32:35,0.88
04-Jan-22,0:47:32,0.9
04-Jan-22,21:34:19,3.946
04-Jan-22,17:04:18,2.224
04-Jan-22,13:13:25,3.608
04-Jan-22,8:19:19,4.454
04-Jan-22,3:10:46,0.904
04-Jan-22,20:53:19,2.31
04-Jan-22,2:50:50,0.922
04-Jan-22,19:50:52,2.612
04-Jan-22,15:01:05,4.944
04-Jan-22,16:23:27,2.11
04-Jan-22,9:21:12,8.328
04-Jan-22,0:27:12,0.924
04-Jan-22,20:11:28,2.428
04-Jan-22,22:38:17,8.014
04-Jan-22,19:28:52,2.216
04-Jan-22,16:03:26,2.094
04-Jan-22,12:10:04,4.364
04-Jan-22,4:11:50,1.854
04-Jan-22,15:22:02,5.822
04-Jan-22,8:40:02,8.33
04-Jan-22,11:48:59,4.712
04-Jan-22,4:32:24,0.95
04-Jan-22,13:35:18,3.496
04-Jan-22,17:44:46,2.11
04-Jan-22,10:23:57,5.66
04-Jan-22,1:50:02,1.008
04-Jan-22,6:34:42,1.914
04-Jan-22,11:06:16,4.762
04-Jan-22,2:10:37,0.924
04-Jan-22,23:40:23,7.636
05-Jan-22,9:58:09,9.348
05-Jan-22,5:47:54,0.88
05-Jan-22,13:51:21,6.236
05-Jan-22,11:42:31,7.128
05-Jan-22,19:23:26,9.162
05-Jan-22,9:37:27,8.282
05-Jan-22,2:03:21,0.914
05-Jan-22,13:30:08,5.836
05-Jan-22,17:20:05,5.988
05-Jan-22,21:36:53,18.236
05-Jan-22,10:40:23,8.144
05-Jan-22,18:22:23,14.78
05-Jan-22,6:49:26,0.952
05-Jan-22,2:45:48,0.994
05-Jan-22,22:17:28,9.046
05-Jan-22,22:17:28,9.046
05-Jan-22,8:13:02,7.898
05-Jan-22,3:46:37,0.926
05-Jan-22,12:04:00,7.156
05-Jan-22,15:35:28,5.23
05-Jan-22,12:46:35,6.73
05-Jan-22,16:58:38,5.214
05-Jan-22,20:55:40,8.552
05-Jan-22,4:46:57,0.93
05-Jan-22,1:01:28,0.882
05-Jan-22,7:51:00,7.228
05-Jan-22,3:05:48,0.912
05-Jan-22,15:15:37,5.586
05-Jan-22,22:37:50,8.992
05-Jan-22,0:00:54,3.562
05-Jan-22,4:26:09,0.912
05-Jan-22,12:24:14,6.158
05-Jan-22,20:15:41,8.484
05-Jan-22,19:03:06,4.656
05-Jan-22,22:58:49,9.316
05-Jan-22,14:54:08,11.89
05-Jan-22,7:31:26,3.946
05-Jan-22,11:20:57,6.134
05-Jan-22,3:26:25,0.926
05-Jan-22,7:09:59,0.942
05-Jan-22,11:00:55,7.402
05-Jan-22,2:24:36,0.966
05-Jan-22,18:41:48,5.542
05-Jan-22,23:19:13,9.12
05-Jan-22,23:41:06,8.886
05-Jan-22,16:17:45,5.936
05-Jan-22,4:06:05,0.91
05-Jan-22,14:11:00,5.858
05-Jan-22,17:40:28,7.338
05-Jan-22,10:19:10,8.054
05-Jan-22,6:09:22,1
05-Jan-22,1:42:58,0.976
05-Jan-22,21:57:56,8.554
05-Jan-22,6:28:38,0.88
05-Jan-22,1:21:47,0.922
05-Jan-22,5:28:17,0.884
05-Jan-22,9:17:56,9.588
05-Jan-22,15:57:50,5.64
05-Jan-22,19:54:41,9.75
05-Jan-22,8:57:01,19.178
05-Jan-22,0:42:09,0.976
05-Jan-22,5:08:44,1.014
05-Jan-22,0:21:19,0.936
05-Jan-22,13:08:49,6.844
05-Jan-22,16:39:12,6.07
05-Jan-22,20:35:50,9.272
06-Jan-22,6:10:37,0.966
06-Jan-22,1:22:49,0.904
06-Jan-22,10:07:49,9.134
06-Jan-22,13:23:38,7.5
06-Jan-22,16:58:21,6.898
06-Jan-22,17:58:58,8.248
06-Jan-22,14:06:40,5.114
06-Jan-22,0:43:08,1.022
06-Jan-22,5:49:33,0.896
06-Jan-22,2:44:03,0.926
06-Jan-22,17:17:32,6.202
06-Jan-22,14:27:41,7.886
06-Jan-22,20:44:30,9.112
06-Jan-22,15:32:36,6.81
06-Jan-22,18:40:01,16.176
06-Jan-22,23:06:41,17.772
06-Jan-22,7:54:03,9.11
06-Jan-22,12:17:50,6.874
06-Jan-22,12:17:50,6.874
06-Jan-22,21:46:30,9.256
06-Jan-22,17:38:19,7.254
06-Jan-22,2:04:22,0.938
06-Jan-22,10:28:54,8.26
06-Jan-22,5:29:22,0.974
06-Jan-22,1:02:38,0.888
06-Jan-22,9:24:15,10.182
06-Jan-22,20:03:00,8.976
06-Jan-22,15:10:45,6.798
06-Jan-22,23:47:38,2.784
06-Jan-22,19:01:46,8.388
06-Jan-22,16:14:02,7.082
06-Jan-22,11:32:18,7.744
06-Jan-22,7:33:31,4.242
06-Jan-22,3:23:51,0.912
06-Jan-22,10:50:06,7.872
06-Jan-22,21:05:31,9.332
06-Jan-22,6:51:34,1.872
06-Jan-22,22:27:11,8.516
06-Jan-22,7:11:41,0.944
06-Jan-22,11:11:14,7.516
06-Jan-22,2:24:29,0.884
06-Jan-22,12:39:43,8.126
06-Jan-22,19:22:16,8.388
06-Jan-22,4:27:17,2.924
06-Jan-22,0:00:47,2.102
06-Jan-22,14:49:15,6.432
06-Jan-22,3:04:02,0.894
06-Jan-22,11:55:29,7.7
06-Jan-22,22:07:27,9.256
06-Jan-22,9:45:33,9.274
06-Jan-22,5:08:32,0.904
06-Jan-22,13:46:14,7.124
06-Jan-22,1:44:11,0.994
06-Jan-22,21:25:47,8.972
06-Jan-22,12:59:33,6.392
06-Jan-22,20:24:18,8.424
06-Jan-22,16:36:37,7.168
06-Jan-22,9:01:22,9.29
06-Jan-22,0:21:03,0.918
06-Jan-22,4:48:19,0.96
06-Jan-22,19:42:14,7.54
06-Jan-22,15:53:30,7.012
06-Jan-22,8:40:21,20.82
06-Jan-22,23:28:11,9.312
07-Jan-22,2:54:56,0.932
07-Jan-22,8:06:46,9.496
07-Jan-22,8:06:46,9.496
07-Jan-22,23:49:52,17.26
07-Jan-22,16:35:19,6.04
07-Jan-22,19:58:56,8.204
07-Jan-22,18:58:00,7.012
07-Jan-22,8:27:56,9.14
07-Jan-22,3:57:00,0.944
07-Jan-22,6:41:21,0.944
07-Jan-22,13:28:30,6.146
07-Jan-22,20:41:00,8.78
07-Jan-22,16:56:15,6.348
07-Jan-22,13:07:44,8.168
07-Jan-22,0:48:57,0.93
07-Jan-22,4:56:36,1.816
07-Jan-22,23:07:50,8.142
07-Jan-22,17:16:02,7.238
07-Jan-22,10:09:15,8.546
07-Jan-22,2:13:36,1.99
07-Jan-22,5:59:13,0.908
07-Jan-22,4:16:47,0.924
07-Jan-22,15:12:16,6.11
07-Jan-22,21:02:12,9.436
07-Jan-22,15:33:12,5.678
07-Jan-22,12:19:59,6.534
07-Jan-22,8:48:07,8.868
07-Jan-22,19:19:41,8.548
07-Jan-22,22:47:43,9.064
07-Jan-22,21:23:56,8.716
07-Jan-22,7:24:18,0.934
07-Jan-22,11:58:44,7.578
07-Jan-22,17:36:08,6.258
07-Jan-22,18:38:17,8.118
07-Jan-22,14:51:19,5.838
07-Jan-22,10:54:16,8.008
07-Jan-22,1:30:29,0.99
07-Jan-22,21:45:08,8.484
07-Jan-22,5:38:38,0.986
07-Jan-22,1:08:45,0.9
07-Jan-22,13:49:31,5.63
07-Jan-22,11:15:18,6.81
07-Jan-22,3:36:19,0.892
07-Jan-22,18:17:01,7.17
07-Jan-22,22:26:56,8.072
07-Jan-22,12:41:59,7.052
07-Jan-22,16:14:18,6.34
07-Jan-22,5:17:09,0.946
07-Jan-22,0:29:09,1.91
07-Jan-22,14:09:32,5.98
07-Jan-22,17:55:57,7.132
07-Jan-22,7:03:55,1.028
07-Jan-22,2:34:48,0.96
07-Jan-22,7:45:46,8.934
07-Jan-22,3:16:15,0.976
07-Jan-22,11:36:14,7.174
07-Jan-22,19:39:04,7.36
07-Jan-22,22:07:13,9.192
07-Jan-22,14:30:15,6.018
07-Jan-22,10:30:53,8.632
07-Jan-22,15:53:55,5.868
07-Jan-22,6:20:25,0.988
07-Jan-22,9:47:41,25.282
07-Jan-22,20:19:03,7.964
08-Jan-22,0:10:47,0.974
08-Jan-22,6:13:41,0.988
08-Jan-22,9:47:11,0.986
08-Jan-22,17:25:44,0.914
08-Jan-22,3:22:00,1.002
08-Jan-22,12:33:03,0.898
08-Jan-22,18:07:35,0.932
08-Jan-22,23:45:03,0.926
08-Jan-22,6:54:29,0.896
08-Jan-22,15:22:42,0.964
08-Jan-22,8:20:11,2.022
08-Jan-22,12:13:36,0.968
08-Jan-22,17:46:59,0.968
08-Jan-22,22:39:08,0.952
08-Jan-22,10:09:03,0.994
08-Jan-22,0:30:25,0.912
08-Jan-22,15:41:57,0.86
08-Jan-22,19:06:36,0.898
08-Jan-22,14:36:50,0.896
08-Jan-22,10:51:53,0.914
08-Jan-22,5:52:06,0.992
08-Jan-22,23:24:37,1.022
08-Jan-22,4:03:25,0.924
08-Jan-22,8:42:13,1.022
08-Jan-22,16:04:01,0.992
08-Jan-22,21:58:48,0.992
08-Jan-22,22:17:54,0.896
08-Jan-22,16:44:53,0.924
08-Jan-22,21:16:29,0.98
08-Jan-22,4:25:35,1.008
08-Jan-22,1:33:12,0.96
08-Jan-22,5:09:24,1.014
08-Jan-22,9:25:32,1.982
08-Jan-22,17:05:28,0.96
08-Jan-22,13:15:50,1.028
08-Jan-22,13:56:55,0.92
08-Jan-22,20:55:03,1.952
08-Jan-22,1:12:30,0.972
08-Jan-22,5:30:24,0.96
08-Jan-22,0:51:12,0.94
08-Jan-22,4:47:13,1.002
08-Jan-22,11:52:03,0.864
08-Jan-22,16:23:53,0.922
08-Jan-22,21:36:58,0.912
08-Jan-22,10:31:17,1.032
08-Jan-22,14:17:27,0.924
08-Jan-22,20:08:24,0.956
08-Jan-22,2:16:58,1.988
08-Jan-22,6:34:39,0.948
08-Jan-22,7:35:48,0.948
08-Jan-22,11:12:10,0.94
08-Jan-22,2:59:50,0.976
08-Jan-22,2:38:45,0.996
08-Jan-22,7:15:16,0.948
08-Jan-22,11:33:03,0.96
08-Jan-22,15:01:25,1.116
08-Jan-22,19:47:35,1.868
08-Jan-22,12:52:49,0.894
08-Jan-22,3:43:33,0.966
08-Jan-22,13:36:59,0.948
08-Jan-22,18:46:29,1.77
08-Jan-22,23:02:00,1.062
09-Jan-22,20:54:31,8.784
09-Jan-22,9:09:59,0.912
09-Jan-22,23:41:11,18.39
09-Jan-22,19:52:56,0.94
09-Jan-22,16:44:52,1.016
09-Jan-22,13:18:08,0.962
09-Jan-22,9:30:50,0.996
09-Jan-22,5:02:19,0.946
09-Jan-22,0:04:59,0.926
09-Jan-22,18:50:15,1.882
09-Jan-22,15:20:47,0.964
09-Jan-22,10:32:39,0.97
09-Jan-22,2:37:18,0.952
09-Jan-22,21:57:25,8.878
09-Jan-22,10:11:57,1.898
09-Jan-22,13:59:01,0.9
09-Jan-22,7:06:59,0.894
09-Jan-22,6:47:25,0.942
09-Jan-22,1:54:08,2.086
09-Jan-22,7:28:37,0.988
09-Jan-22,2:57:16,0.928
09-Jan-22,14:19:15,0.936
09-Jan-22,3:59:28,0.956
09-Jan-22,22:18:15,9.164
09-Jan-22,4:41:37,0.956
09-Jan-22,13:39:09,0.992
09-Jan-22,17:26:39,1.956
09-Jan-22,19:32:44,1.012
09-Jan-22,16:02:20,0.97
09-Jan-22,8:09:16,0.954
09-Jan-22,12:36:54,0.944
09-Jan-22,3:38:34,0.948
09-Jan-22,22:58:05,8.794
09-Jan-22,12:56:55,0.926
09-Jan-22,20:34:48,8.102
09-Jan-22,8:49:48,0.922
09-Jan-22,3:18:14,0.948
09-Jan-22,17:48:20,1.012
09-Jan-22,0:24:51,0.9
09-Jan-22,10:52:26,0.922
09-Jan-22,6:26:25,0.908
09-Jan-22,1:04:57,0.92
09-Jan-22,6:06:47,1.06
09-Jan-22,16:22:57,0.95
09-Jan-22,8:30:09,0.974
09-Jan-22,4:20:32,0.964
09-Jan-22,11:34:41,0.908
09-Jan-22,19:10:50,0.984
09-Jan-22,22:38:02,8.854
09-Jan-22,14:40:24,1
09-Jan-22,15:41:07,0.952
09-Jan-22,20:13:30,0.956
09-Jan-22,0:44:48,0.916
09-Jan-22,5:43:31,1.882
09-Jan-22,12:16:36,1.024
09-Jan-22,7:48:50,0.962
09-Jan-22,21:38:03,9.758
09-Jan-22,21:15:52,9.572
09-Jan-22,11:15:04,1.062
09-Jan-22,11:54:29,0.94
09-Jan-22,2:15:57,0.998
09-Jan-22,18:09:03,0.958
09-Jan-22,14:59:37,0.88
10-Jan-22,19:54:47,7.48
10-Jan-22,8:33:11,0.922
10-Jan-22,11:58:57,0.944
10-Jan-22,4:29:47,0.952
10-Jan-22,12:18:24,0.914
10-Jan-22,21:35:48,8.444
10-Jan-22,12:18:24,0.914
10-Jan-22,8:53:14,0.922
10-Jan-22,4:48:51,0.87
10-Jan-22,10:58:05,0.99
10-Jan-22,14:09:08,1.074
10-Jan-22,6:32:26,1.014
10-Jan-22,3:04:21,1.012
10-Jan-22,21:57:08,8.444
10-Jan-22,6:52:57,0.944
10-Jan-22,2:23:21,0.912
10-Jan-22,14:28:53,0.912
10-Jan-22,16:51:00,6.384
10-Jan-22,19:35:24,15.306
10-Jan-22,15:10:09,0.988
10-Jan-22,20:54:34,7.78
10-Jan-22,11:38:25,0.932
10-Jan-22,7:33:17,0.91
10-Jan-22,2:03:32,0.906
10-Jan-22,22:18:47,8.68
10-Jan-22,17:52:10,6.636
10-Jan-22,8:13:41,0.936
10-Jan-22,3:47:41,0.932
10-Jan-22,13:03:18,1.116
10-Jan-22,15:50:47,0.904
10-Jan-22,5:09:42,0.962
10-Jan-22,9:56:23,0.992
10-Jan-22,20:34:28,8.204
10-Jan-22,20:15:45,7.734
10-Jan-22,5:50:00,1.886
10-Jan-22,0:41:56,0.924
10-Jan-22,13:24:35,0.974
10-Jan-22,16:11:44,3.81
10-Jan-22,18:32:57,6.902
10-Jan-22,4:08:53,0.976
10-Jan-22,21:14:24,8.256
10-Jan-22,17:12:05,6.328
10-Jan-22,10:37:27,0.956
10-Jan-22,6:10:26,0.94
10-Jan-22,0:22:16,1.864
10-Jan-22,23:20:38,8.392
10-Jan-22,13:45:32,0.982
10-Jan-22,17:31:46,5.756
10-Jan-22,1:23:09,0.892
10-Jan-22,10:16:22,0.936
10-Jan-22,9:12:28,0.92
10-Jan-22,3:27:43,1.056
10-Jan-22,23:42:16,9.094
10-Jan-22,16:31:04,7.214
10-Jan-22,9:35:45,1.056
10-Jan-22,1:03:10,0.97
10-Jan-22,23:00:18,8.104
10-Jan-22,18:11:59,7.194
10-Jan-22,2:42:50,0.9
10-Jan-22,12:39:44,0.972
10-Jan-22,7:13:03,0.926
10-Jan-22,15:30:37,0.944
10-Jan-22,1:43:21,0.956
10-Jan-22,7:53:17,0.956
10-Jan-22,11:18:47,0.946
10-Jan-22,14:48:38,0.944
10-Jan-22,18:54:15,8.156
10-Jan-22,22:40:03,8.692
11-Jan-22,21:57:29,8.154
11-Jan-22,10:28:50,7.86
11-Jan-22,6:35:59,0.96
11-Jan-22,17:05:22,5.674
11-Jan-22,15:19:12,3.184
11-Jan-22,10:48:52,7.52
11-Jan-22,7:15:35,0.88
11-Jan-22,3:05:27,0.966
11-Jan-22,19:50:56,7.82
11-Jan-22,14:37:58,4.186
11-Jan-22,7:36:18,0.982
11-Jan-22,11:10:19,6.368
11-Jan-22,21:12:42,8.29
11-Jan-22,17:45:57,6.648
11-Jan-22,13:15:26,4.752
11-Jan-22,3:45:59,0.908
11-Jan-22,22:18:34,8.514
11-Jan-22,18:27:07,6.38
11-Jan-22,10:06:46,8.34
11-Jan-22,1:42:04,0.93
11-Jan-22,20:12:15,8.472
11-Jan-22,11:30:16,5.528
11-Jan-22,3:25:35,0.936
11-Jan-22,22:58:35,7.484
11-Jan-22,16:23:43,5.742
11-Jan-22,13:56:19,4.638
11-Jan-22,9:45:28,8.776
11-Jan-22,5:53:14,1
11-Jan-22,0:21:51,2.35
11-Jan-22,9:05:10,9.288
11-Jan-22,4:45:49,1.832
11-Jan-22,23:19:19,8.22
11-Jan-22,15:39:59,4.24
11-Jan-22,19:30:39,14.988
11-Jan-22,15:59:41,4.344
11-Jan-22,12:10:23,5.16
11-Jan-22,2:02:17,0.932
11-Jan-22,7:56:26,0.908
11-Jan-22,23:39:00,7.02
11-Jan-22,21:36:36,8.616
11-Jan-22,9:25:49,9.268
11-Jan-22,12:33:18,5.57
11-Jan-22,4:06:14,0.93
11-Jan-22,14:59:50,4.03
11-Jan-22,17:24:31,6.04
11-Jan-22,6:14:49,0.982
11-Jan-22,2:44:55,0.964
11-Jan-22,8:43:40,10.728
11-Jan-22,11:51:36,5.984
11-Jan-22,20:52:13,7.538
11-Jan-22,22:38:27,7.524
11-Jan-22,6:56:06,0.94
11-Jan-22,12:52:26,5.242
11-Jan-22,2:23:43,0.964
11-Jan-22,18:06:01,5.756
11-Jan-22,8:19:07,1.042
11-Jan-22,20:32:15,7.908
11-Jan-22,13:35:23,4.322
11-Jan-22,1:21:37,0.886
11-Jan-22,1:02:25,0.932
11-Jan-22,5:07:23,0.972
11-Jan-22,18:47:29,7.444
11-Jan-22,14:17:10,4.496
11-Jan-22,16:43:55,4.88
11-Jan-22,0:42:10,0.948
11-Jan-22,5:31:26,1.13
12-Jan-22,22:48:43,9.412
12-Jan-22,8:39:49,0.952
12-Jan-22,12:34:45,1.012
12-Jan-22,3:04:28,0.916
12-Jan-22,15:44:27,0.936
12-Jan-22,18:52:39,0.92
12-Jan-22,7:59:37,1.046
12-Jan-22,12:55:41,0.972
12-Jan-22,1:20:24,0.944
12-Jan-22,16:48:04,1.956
12-Jan-22,20:17:45,1.978
12-Jan-22,23:08:35,8.844
12-Jan-22,13:37:33,1.032
12-Jan-22,16:05:16,0.98
12-Jan-22,10:04:12,0.912
12-Jan-22,0:40:05,0.978
12-Jan-22,5:54:12,0.976
12-Jan-22,19:35:35,0.942
12-Jan-22,19:14:39,1.038
12-Jan-22,23:29:08,9.172
12-Jan-22,1:43:54,1.072
12-Jan-22,2:03:35,0.9
12-Jan-22,6:14:32,0.966
12-Jan-22,10:24:22,0.954
12-Jan-22,12:12:46,1.044
12-Jan-22,4:09:06,0.96
12-Jan-22,22:27:42,9.172
12-Jan-22,15:23:48,0.988
12-Jan-22,17:08:59,0.984
12-Jan-22,17:51:10,1.946
12-Jan-22,7:18:18,2.03
12-Jan-22,3:24:25,0.924
12-Jan-22,5:11:08,0.94
12-Jan-22,21:01:01,8.248
12-Jan-22,13:58:10,0.948
12-Jan-22,18:13:17,1.016
12-Jan-22,21:45:59,10.338
12-Jan-22,14:41:57,0.914
12-Jan-22,8:19:26,0.902
12-Jan-22,10:45:25,0.972
12-Jan-22,2:25:03,1
12-Jan-22,22:06:52,9.226
12-Jan-22,23:54:04,5.748
12-Jan-22,3:48:33,1.096
12-Jan-22,11:50:24,1
12-Jan-22,13:15:58,0.908
12-Jan-22,4:50:45,1.916
12-Jan-22,18:32:30,0.906
12-Jan-22,15:02:48,0.978
12-Jan-22,2:44:25,0.876
12-Jan-22,6:33:53,0.892
12-Jan-22,11:06:38,0.99
12-Jan-22,9:23:58,2.038
12-Jan-22,0:18:42,1.806
12-Jan-22,20:39:37,1.022
12-Jan-22,14:21:59,1.088
12-Jan-22,11:28:52,1.036
12-Jan-22,7:37:25,0.866
12-Jan-22,21:22:55,9.536
12-Jan-22,9:43:59,0.956
12-Jan-22,5:32:46,0.972
12-Jan-22,1:00:16,0.924
13-Jan-22,17:56:43,1.002
13-Jan-22,10:34:11,3.132
13-Jan-22,14:27:29,1.056
13-Jan-22,6:46:17,0.93
13-Jan-22,21:47:35,8.864
13-Jan-22,12:19:45,0.944
13-Jan-22,4:57:18,1.018
13-Jan-22,2:05:35,1.008
13-Jan-22,23:53:50,0.922
13-Jan-22,17:14:28,0.912
13-Jan-22,13:43:25,0.988
13-Jan-22,9:52:05,0.976
13-Jan-22,1:43:54,0.942
13-Jan-22,20:24:07,9.468
13-Jan-22,16:34:39,0.982
13-Jan-22,11:16:24,0.98
13-Jan-22,4:13:39,1.96
13-Jan-22,7:29:31,0.962
13-Jan-22,18:40:13,1.096
13-Jan-22,5:42:00,2.074
13-Jan-22,0:38:09,1.008
13-Jan-22,9:31:21,0.984
13-Jan-22,3:31:00,1.014
13-Jan-22,16:54:44,0.958
13-Jan-22,19:43:24,5.014
13-Jan-22,8:49:35,0.924
13-Jan-22,20:02:46,8.784
13-Jan-22,12:40:13,0.968
13-Jan-22,9:09:56,0.936
13-Jan-22,11:58:56,0.964
13-Jan-22,3:08:51,0.93
13-Jan-22,15:31:13,0.964
13-Jan-22,11:38:06,1.004
13-Jan-22,18:17:03,0.94
13-Jan-22,22:08:07,8.14
13-Jan-22,15:09:56,0.994
13-Jan-22,1:23:11,2.084
13-Jan-22,23:12:43,9.368
13-Jan-22,2:48:48,1.022
13-Jan-22,12:59:55,0.906
13-Jan-22,8:30:00,1.924
13-Jan-22,17:35:16,0.938
13-Jan-22,21:04:45,9.384
13-Jan-22,23:32:56,7.662
13-Jan-22,10:55:46,0.984
13-Jan-22,7:08:47,1.04
13-Jan-22,14:48:25,0.966
13-Jan-22,21:25:57,9.208
13-Jan-22,14:05:10,1.008
13-Jan-22,20:44:14,8.688
13-Jan-22,6:03:33,0.988
13-Jan-22,6:25:28,1.012
13-Jan-22,19:02:14,1.018
13-Jan-22,22:50:11,16.756
13-Jan-22,13:21:41,1.014
13-Jan-22,7:48:34,0.87
13-Jan-22,0:16:02,1.03
13-Jan-22,4:34:42,0.982
13-Jan-22,2:26:03,0.95
13-Jan-22,16:12:51,1.948
14-Jan-22,2:20:16,0.972
14-Jan-22,6:27:59,0.956
14-Jan-22,16:04:52,0.912
14-Jan-22,7:10:11,1.016
14-Jan-22,13:41:40,0.916
14-Jan-22,22:13:15,0.948
14-Jan-22,18:47:57,0.976
14-Jan-22,14:42:30,0.906
14-Jan-22,0:57:45,1.052
14-Jan-22,12:21:21,1.012
14-Jan-22,15:44:53,0.968
14-Jan-22,19:29:47,0.95
14-Jan-22,0:35:21,0.94
14-Jan-22,8:53:47,0.99
14-Jan-22,4:46:05,0.974
14-Jan-22,15:03:56,0.98
14-Jan-22,21:32:46,0.964
14-Jan-22,10:58:23,0.94
14-Jan-22,3:43:43,0.944
14-Jan-22,17:46:14,0.88
14-Jan-22,14:02:46,0.964
14-Jan-22,10:16:39,0.9
14-Jan-22,3:23:18,0.918
14-Jan-22,23:16:32,0.992
14-Jan-22,5:26:39,0.956
14-Jan-22,17:26:23,0.956
14-Jan-22,8:32:54,0.988
14-Jan-22,11:59:49,0.954
14-Jan-22,14:23:27,0.95
14-Jan-22,0:14:36,0.98
14-Jan-22,4:25:06,0.93
14-Jan-22,22:34:06,0.938
14-Jan-22,12:41:00,0.882
14-Jan-22,9:15:44,0.978
14-Jan-22,5:05:39,0.92
14-Jan-22,22:55:23,1.01
14-Jan-22,19:09:09,0.962
14-Jan-22,11:18:49,0.946
14-Jan-22,8:11:36,0.938
14-Jan-22,4:04:15,0.96
14-Jan-22,21:11:58,1.896
14-Jan-22,7:50:50,0.936
14-Jan-22,11:39:29,0.938
14-Jan-22,20:31:09,0.972
14-Jan-22,16:46:01,0.916
14-Jan-22,13:01:24,0.948
14-Jan-22,5:46:26,0.892
14-Jan-22,1:18:20,0.94
14-Jan-22,23:38:03,0.992
14-Jan-22,20:09:50,0.914
14-Jan-22,17:05:54,0.924
14-Jan-22,9:35:46,0.948
14-Jan-22,23:58:52,0.948
14-Jan-22,21:52:55,0.928
14-Jan-22,18:26:30,0.876
14-Jan-22,15:24:23,0.93
14-Jan-22,2:41:32,0.96
14-Jan-22,7:30:37,0.932
14-Jan-22,13:21:34,0.94
14-Jan-22,18:07:35,1.016
14-Jan-22,3:02:54,0.978
14-Jan-22,6:06:54,0.948
14-Jan-22,9:56:53,0.974
14-Jan-22,19:50:41,0.962
14-Jan-22,10:37:38,0.98
14-Jan-22,6:48:38,0.936
14-Jan-22,1:59:13,1.868
14-Jan-22,16:25:44,0.962
15-Jan-22,16:42:06,0.99
15-Jan-22,13:55:42,2.906
15-Jan-22,21:12:04,0.922
15-Jan-22,8:15:42,1.028
15-Jan-22,1:20:26,0.924
15-Jan-22,10:38:02,0.938
15-Jan-22,6:31:39,0.906
15-Jan-22,17:06:45,1.122
15-Jan-22,19:29:05,0.954
15-Jan-22,16:19:29,0.884
15-Jan-22,20:30:10,0.9
15-Jan-22,7:33:15,0.964
15-Jan-22,12:29:14,1.956
15-Jan-22,18:08:58,0.968
15-Jan-22,14:38:41,0.962
15-Jan-22,9:15:53,1.824
15-Jan-22,4:48:24,0.842
15-Jan-22,1:00:51,0.904
15-Jan-22,22:39:24,0.964
15-Jan-22,20:51:22,0.988
15-Jan-22,12:50:46,0.978
15-Jan-22,2:05:56,0.946
15-Jan-22,7:12:01,0.938
15-Jan-22,21:33:25,0.966
15-Jan-22,4:08:42,1.774
15-Jan-22,8:36:34,0.948
15-Jan-22,15:19:00,0.948
15-Jan-22,20:10:06,1.862
15-Jan-22,0:19:48,0.95
15-Jan-22,5:09:41,0.964
15-Jan-22,17:47:08,1.85
15-Jan-22,21:58:20,1.162
15-Jan-22,5:51:36,0.964
15-Jan-22,11:41:28,0.994
15-Jan-22,16:00:00,0.918
15-Jan-22,19:08:51,1.78
15-Jan-22,0:40:47,0.986
15-Jan-22,6:51:29,0.916
15-Jan-22,10:18:02,0.938
15-Jan-22,22:18:37,0.926
15-Jan-22,14:17:07,0.98
15-Jan-22,4:29:45,0.998
15-Jan-22,23:40:37,1.01
15-Jan-22,11:19:47,0.92
15-Jan-22,5:30:53,0.972
15-Jan-22,3:29:16,1.83
15-Jan-22,7:53:49,0.932
15-Jan-22,23:18:40,1.812
15-Jan-22,10:59:38,0.998
15-Jan-22,2:49:43,2.022
15-Jan-22,15:39:56,0.94
15-Jan-22,9:57:38,0.914
15-Jan-22,1:45:19,1.12
15-Jan-22,18:29:02,0.932
15-Jan-22,9:37:12,0.976
15-Jan-22,14:58:34,0.9
15-Jan-22,6:12:10,0.928
16-Jan-22,11:27:48,0.944
16-Jan-22,0:00:18,0.898
16-Jan-22,4:07:36,0.878
16-Jan-22,7:57:58,0.972
16-Jan-22,18:26:45,0.936
16-Jan-22,21:38:23,0.964
16-Jan-22,5:09:46,0.99
16-Jan-22,0:20:25,0.896
16-Jan-22,12:48:40,0.908
16-Jan-22,23:44:30,0.942
16-Jan-22,20:56:58,1.064
16-Jan-22,2:43:11,0.988
16-Jan-22,11:07:15,1.008
16-Jan-22,3:48:02,1.882
16-Jan-22,17:23:13,1.052
16-Jan-22,22:20:10,0.996
16-Jan-22,14:15:13,1.008
16-Jan-22,20:34:09,1.044
16-Jan-22,9:43:24,1.892
16-Jan-22,16:38:54,0.942
16-Jan-22,5:50:41,0.892
16-Jan-22,0:40:11,0.932
16-Jan-22,15:57:47,0.926
16-Jan-22,12:29:17,1.852
16-Jan-22,23:03:01,1.02
16-Jan-22,20:11:46,0.958
16-Jan-22,15:37:35,0.92
16-Jan-22,8:41:41,2.022
16-Jan-22,2:01:41,1.016
16-Jan-22,4:28:11,0.964
16-Jan-22,7:37:02,0.948
16-Jan-22,22:41:35,0.982
16-Jan-22,19:07:50,1.912
16-Jan-22,0:59:23,0.888
16-Jan-22,6:16:14,1.178
16-Jan-22,14:37:02,0.996
16-Jan-22,18:06:07,1.016
16-Jan-22,10:23:56,1.876
16-Jan-22,6:55:49,0.906
16-Jan-22,1:39:48,0.94
16-Jan-22,15:17:53,0.88
16-Jan-22,11:48:30,0.96
16-Jan-22,19:30:20,1.044
16-Jan-22,10:45:48,0.992
16-Jan-22,13:11:00,1.046
16-Jan-22,16:18:42,0.984
16-Jan-22,7:16:02,0.958
16-Jan-22,3:07:24,1.088
16-Jan-22,23:24:16,0.994
16-Jan-22,17:00:07,0.98
16-Jan-22,13:31:29,0.934
16-Jan-22,1:19:34,0.892
16-Jan-22,5:30:39,0.996
16-Jan-22,17:44:07,0.98
16-Jan-22,21:59:11,0.97
16-Jan-22,14:58:20,0.984
16-Jan-22,9:02:20,0.938
16-Jan-22,4:47:53,0.89
16-Jan-22,19:51:37,0.962
16-Jan-22,2:22:24,0.92
16-Jan-22,6:35:28,0.906
16-Jan-22,21:17:11,0.952
16-Jan-22,13:53:19,1.02
17-Jan-22,23:06:53,9.492
17-Jan-22,3:36:08,0.892
17-Jan-22,11:18:15,0.98
17-Jan-22,17:23:56,0.922
17-Jan-22,2:34:52,0.96
17-Jan-22,13:09:12,1.148
17-Jan-22,19:07:49,2.894
17-Jan-22,22:45:18,9.904
17-Jan-22,19:50:33,0.944
17-Jan-22,14:14:32,0.996
17-Jan-22,0:27:05,1.956
17-Jan-22,8:09:00,1.94
17-Jan-22,13:53:11,1.078
17-Jan-22,12:00:01,0.996
17-Jan-22,5:22:05,0.996
17-Jan-22,9:12:18,1.942
17-Jan-22,16:21:29,1.884
17-Jan-22,12:22:11,1.02
17-Jan-22,3:16:45,0.974
17-Jan-22,7:27:11,0.922
17-Jan-22,2:55:26,0.958
17-Jan-22,20:57:05,1.014
17-Jan-22,20:35:39,1.024
17-Jan-22,4:40:38,1.052
17-Jan-22,22:00:59,0.99
17-Jan-22,10:12:48,0.874
17-Jan-22,8:30:37,1.016
17-Jan-22,4:18:01,0.948
17-Jan-22,15:40:18,0.99
17-Jan-22,21:39:45,0.944
17-Jan-22,19:30:18,1.046
17-Jan-22,10:57:26,2.082
17-Jan-22,7:07:39,0.95
17-Jan-22,2:14:05,0.99
17-Jan-22,6:46:33,0.924
17-Jan-22,3:57:15,0.96
17-Jan-22,23:49:17,18.872
17-Jan-22,21:19:25,1.026
17-Jan-22,17:44:47,0.966
17-Jan-22,14:57:23,1.966
17-Jan-22,11:38:42,0.972
17-Jan-22,5:00:21,0.92
17-Jan-22,15:19:01,1.022
17-Jan-22,18:05:46,0.952
17-Jan-22,22:22:31,3.922
17-Jan-22,13:30:04,0.974
17-Jan-22,1:52:32,2.034
17-Jan-22,6:26:26,1.96
17-Jan-22,9:53:32,1.04
17-Jan-22,0:48:14,0.986
17-Jan-22,5:43:53,1.008
17-Jan-22,12:44:38,1.032
17-Jan-22,17:03:58,1.99
17-Jan-22,9:31:26,0.886
17-Jan-22,1:08:30,0.934
17-Jan-22,20:13:06,1.056
18-Jan-22,7:31:59,9.384
18-Jan-22,0:55:40,3.298
18-Jan-22,18:17:46,10.592
18-Jan-22,21:43:52,7.352
18-Jan-22,23:28:26,7.238
18-Jan-22,13:24:42,3.448
18-Jan-22,20:03:51,13.772
18-Jan-22,11:01:47,5.808
18-Jan-22,3:40:50,3.268
18-Jan-22,18:38:37,6.11
18-Jan-22,11:42:55,4.68
18-Jan-22,5:24:45,3.486
18-Jan-22,1:59:24,7.842
18-Jan-22,9:59:45,7.142
18-Jan-22,21:04:21,7.242
18-Jan-22,20:44:19,13.396
18-Jan-22,2:18:46,2.276
18-Jan-22,19:20:11,10.618
18-Jan-22,17:15:13,3.708
18-Jan-22,10:40:27,6.236
18-Jan-22,6:48:28,2.744
18-Jan-22,22:47:38,7.728
18-Jan-22,5:04:36,3.686
18-Jan-22,3:00:32,6.688
18-Jan-22,12:18:47,6.758
18-Jan-22,9:16:27,8.388
18-Jan-22,6:07:17,6.636
18-Jan-22,13:03:34,4.98
18-Jan-22,16:07:36,2.558
18-Jan-22,0:11:58,10.176
18-Jan-22,8:34:11,8.802
18-Jan-22,15:48:17,3.5
18-Jan-22,12:40:56,5.13
18-Jan-22,3:21:39,3.7
18-Jan-22,21:23:53,6.182
18-Jan-22,15:07:36,2.546
18-Jan-22,23:07:40,7.282
18-Jan-22,16:53:10,7.826
18-Jan-22,9:38:40,7.752
18-Jan-22,22:05:29,6.904
18-Jan-22,1:16:58,3.914
18-Jan-22,4:43:12,2.56
18-Jan-22,8:13:46,9.564
18-Jan-22,14:27:33,2.462
18-Jan-22,14:05:35,8.36
18-Jan-22,6:27:52,3.9
18-Jan-22,10:21:04,6.502
18-Jan-22,23:49:40,8.098
18-Jan-22,7:52:30,7.924
18-Jan-22,4:02:12,3.266
18-Jan-22,11:21:40,4.792
18-Jan-22,17:37:12,4.216
18-Jan-22,14:46:28,3.658
18-Jan-22,8:55:47,8.654
18-Jan-22,0:34:57,6.606
18-Jan-22,4:22:56,3.758
18-Jan-22,15:27:43,3.35
18-Jan-22,22:26:11,7.7
19-Jan-22,2:15:17,2.702
19-Jan-22,1:55:28,2.092
19-Jan-22,5:21:51,3.696
19-Jan-22,7:06:38,3.352
19-Jan-22,22:57:15,6.66
19-Jan-22,4:41:18,3.586
19-Jan-22,1:33:37,2.562
19-Jan-22,0:30:27,3.002
19-Jan-22,6:45:38,4.004
19-Jan-22,7:48:51,9.5
19-Jan-22,9:53:50,5.39
19-Jan-22,14:34:13,2.694
19-Jan-22,16:01:37,2.098
19-Jan-22,21:33:50,6.364
19-Jan-22,2:57:20,2.176
19-Jan-22,3:18:49,3.376
19-Jan-22,21:14:25,13.062
19-Jan-22,14:56:27,1.898
19-Jan-22,16:22:20,2.142
19-Jan-22,2:36:23,2.924
19-Jan-22,5:42:49,2.302
19-Jan-22,10:34:36,5.082
19-Jan-22,6:02:24,3.702
19-Jan-22,0:09:50,5.766
19-Jan-22,11:40:18,3.776
19-Jan-22,16:42:22,2.042
19-Jan-22,13:08:32,2.75
19-Jan-22,19:50:58,5.18
19-Jan-22,18:06:32,8.07
19-Jan-22,7:27:40,4.832
19-Jan-22,1:12:38,2.696
19-Jan-22,11:17:47,4.642
19-Jan-22,15:39:18,2.118
19-Jan-22,18:28:04,3.854
19-Jan-22,22:36:29,7.722
19-Jan-22,14:12:49,2.158
19-Jan-22,9:33:57,15.676
19-Jan-22,3:58:39,2.77
19-Jan-22,21:53:35,6.14
19-Jan-22,19:30:23,5.208
19-Jan-22,20:31:23,6.352
19-Jan-22,17:22:17,5.366
19-Jan-22,8:30:45,8.598
19-Jan-22,3:38:52,2.124
19-Jan-22,13:50:29,5.456
19-Jan-22,12:46:35,3.362
19-Jan-22,12:23:22,4.21
19-Jan-22,20:10:35,5.636
19-Jan-22,0:51:32,2.034
19-Jan-22,5:01:29,2.216
19-Jan-22,8:52:09,7.85
19-Jan-22,10:56:47,4.228
19-Jan-22,6:23:36,2.504
19-Jan-22,8:09:26,9.232
19-Jan-22,10:14:22,5.306
19-Jan-22,22:15:22,6.908
19-Jan-22,15:17:04,1.926
19-Jan-22,19:09:40,10.212
19-Jan-22,23:18:32,7.848
19-Jan-22,12:01:19,3.612
19-Jan-22,4:19:51,2.84
20-Jan-22,23:27:57,13.092
20-Jan-22,0:21:06,6.624
20-Jan-22,12:08:36,2.314
20-Jan-22,2:24:01,1.832
20-Jan-22,18:53:25,4.574
20-Jan-22,6:58:01,3.27
20-Jan-22,1:02:45,1.836
20-Jan-22,20:21:01,7.24
20-Jan-22,17:09:15,1.704
20-Jan-22,1:24:15,2.136
20-Jan-22,8:38:32,12.848
20-Jan-22,13:37:50,1.04
20-Jan-22,22:26:36,5.928
20-Jan-22,19:55:52,9.28
20-Jan-22,18:11:26,2.736
20-Jan-22,3:47:18,4.038
20-Jan-22,7:58:53,8.76
20-Jan-22,12:52:15,2.576
20-Jan-22,20:44:24,6.196
20-Jan-22,13:16:59,2.612
20-Jan-22,16:04:38,0.906
20-Jan-22,11:04:59,3.292
20-Jan-22,4:27:15,2.224
20-Jan-22,0:42:08,2.948
20-Jan-22,0:42:08,2.948
20-Jan-22,19:14:01,4.236
20-Jan-22,22:04:41,5.732
20-Jan-22,15:25:01,1.994
20-Jan-22,8:59:49,6.144
20-Jan-22,5:12:25,5.676
20-Jan-22,21:24:09,5.676
20-Jan-22,23:47:55,6.788
20-Jan-22,17:50:05,3.588
20-Jan-22,11:24:59,3.038
20-Jan-22,17:28:37,1.548
20-Jan-22,14:20:57,2.96
20-Jan-22,1:43:39,1.842
20-Jan-22,5:55:46,5.25
20-Jan-22,21:03:39,4.804
20-Jan-22,2:04:08,1.994
20-Jan-22,9:21:50,6.668
20-Jan-22,6:37:32,2.248
20-Jan-22,12:30:59,2.682
20-Jan-22,22:47:26,6.432
20-Jan-22,14:41:55,1.626
20-Jan-22,18:32:30,3.018
20-Jan-22,10:03:07,4.916
20-Jan-22,11:47:31,3.602
20-Jan-22,15:45:03,0.9
20-Jan-22,0:00:17,14.048
20-Jan-22,4:06:44,2.118
20-Jan-22,7:17:57,2.22
20-Jan-22,7:37:37,4.706
20-Jan-22,10:44:35,7.66
20-Jan-22,21:43:55,5.128
20-Jan-22,9:43:03,5.924
20-Jan-22,3:06:05,4.664
20-Jan-22,6:16:38,3.474
20-Jan-22,16:48:03,2.478
21-Jan-22,1:57:23,4.632
21-Jan-22,6:15:59,6.08
21-Jan-22,13:11:00,3.194
21-Jan-22,15:22:43,2.038
21-Jan-22,22:01:21,7.428
21-Jan-22,2:18:58,2.128
21-Jan-22,12:29:47,2.212
21-Jan-22,9:03:38,7.032
21-Jan-22,14:40:09,2.202
21-Jan-22,6:59:18,3.376
21-Jan-22,19:54:31,5.108
21-Jan-22,17:50:18,4.77
21-Jan-22,15:01:17,3.062
21-Jan-22,22:21:13,6.9
21-Jan-22,12:08:57,2.808
21-Jan-22,9:24:08,4.914
21-Jan-22,5:10:23,2.494
21-Jan-22,0:29:42,2.004
21-Jan-22,23:23:16,6.758
21-Jan-22,17:29:06,4.472
21-Jan-22,20:56:49,7.994
21-Jan-22,8:22:26,5.822
21-Jan-22,4:48:00,3.286
21-Jan-22,1:11:31,2.796
21-Jan-22,16:25:35,8.702
21-Jan-22,21:19:18,6.542
21-Jan-22,11:48:20,2.254
21-Jan-22,10:03:46,4.514
21-Jan-22,2:39:59,2.068
21-Jan-22,18:10:17,3.598
21-Jan-22,0:51:24,1.94
21-Jan-22,7:21:31,4.83
21-Jan-22,20:35:40,5.258
21-Jan-22,3:43:43,2.326
21-Jan-22,5:32:15,3.704
21-Jan-22,18:30:35,5.144
21-Jan-22,14:19:55,4.968
21-Jan-22,21:39:48,6.352
21-Jan-22,11:05:59,6.67
21-Jan-22,20:15:46,5.406
21-Jan-22,17:07:57,4.22
21-Jan-22,23:45:25,5.904
21-Jan-22,3:02:12,3.144
21-Jan-22,11:27:42,3.936
21-Jan-22,18:51:26,5.692
21-Jan-22,9:44:18,4.908
21-Jan-22,8:02:30,12.614
21-Jan-22,0:09:17,4.4
21-Jan-22,16:46:25,2.688
21-Jan-22,19:33:56,6.032
21-Jan-22,12:50:52,2.4
21-Jan-22,8:41:33,5.364
21-Jan-22,4:27:39,5.186
21-Jan-22,19:13:23,6.092
21-Jan-22,10:24:18,3.66
21-Jan-22,13:33:05,1.994
21-Jan-22,3:21:59,1.912
21-Jan-22,6:38:01,2.202
21-Jan-22,23:02:36,14.232
22-Jan-22,11:11:10,0.968
22-Jan-22,15:17:58,1.034
22-Jan-22,4:16:54,0.92
22-Jan-22,2:13:08,0.93
22-Jan-22,5:59:27,0.912
22-Jan-22,9:28:49,0.982
22-Jan-22,12:53:24,0.95
22-Jan-22,15:39:43,0.988
22-Jan-22,19:48:33,0.972
22-Jan-22,23:58:14,1.1
22-Jan-22,7:01:21,0.918
22-Jan-22,10:50:36,0.926
22-Jan-22,16:20:13,0.94
22-Jan-22,20:31:53,0.908
22-Jan-22,10:09:09,0.92
22-Jan-22,4:36:51,0.938
22-Jan-22,21:12:20,1.844
22-Jan-22,13:55:19,0.928
22-Jan-22,5:18:08,0.974
22-Jan-22,8:25:46,0.908
22-Jan-22,1:09:53,0.94
22-Jan-22,14:55:29,0.862
22-Jan-22,18:44:49,0.934
22-Jan-22,22:55:25,1.006
22-Jan-22,0:07:17,0.996
22-Jan-22,3:56:42,0.962
22-Jan-22,13:14:55,0.97
22-Jan-22,19:26:46,1.9
22-Jan-22,5:39:36,0.98
22-Jan-22,1:52:21,0.992
22-Jan-22,9:07:23,0.996
22-Jan-22,12:32:55,1.9
22-Jan-22,23:34:33,0.874
22-Jan-22,10:30:11,0.954
22-Jan-22,6:41:18,0.95
22-Jan-22,14:36:08,0.908
22-Jan-22,18:24:43,0.958
22-Jan-22,21:52:48,1.84
22-Jan-22,3:35:40,0.854
22-Jan-22,18:03:13,1.014
22-Jan-22,22:32:41,0.94
22-Jan-22,4:56:48,0.92
22-Jan-22,0:26:32,0.874
22-Jan-22,14:16:03,0.94
22-Jan-22,6:20:11,0.944
22-Jan-22,2:35:00,1.002
22-Jan-22,9:49:01,0.926
22-Jan-22,13:35:00,0.916
22-Jan-22,15:59:53,0.9
22-Jan-22,20:11:32,1.072
22-Jan-22,17:01:28,0.95
22-Jan-22,8:45:55,0.928
22-Jan-22,3:16:34,0.984
22-Jan-22,16:39:54,0.888
22-Jan-22,17:40:52,0.894
22-Jan-22,11:50:53,0.936
22-Jan-22,22:12:42,0.916
22-Jan-22,8:05:49,2.972
22-Jan-22,2:55:47,0.944
22-Jan-22,1:30:46,0.968
22-Jan-22,11:30:27,0.876
22-Jan-22,17:21:40,0.918
22-Jan-22,0:48:54,1.032
22-Jan-22,23:15:27,0.924
23-Jan-22,10:05:53,16.572
23-Jan-22,6:27:07,2.864
23-Jan-22,17:21:50,5.694
23-Jan-22,13:32:36,10.256
23-Jan-22,6:46:39,8.682
23-Jan-22,3:02:29,0.84
23-Jan-22,17:43:36,6.486
23-Jan-22,3:43:38,0.976
23-Jan-22,16:41:01,5.458
23-Jan-22,7:38:09,9.616
23-Jan-22,19:04:56,7.232
23-Jan-22,14:54:41,6.104
23-Jan-22,10:47:17,6.88
23-Jan-22,7:17:13,13.158
23-Jan-22,0:58:05,0.89
23-Jan-22,18:23:46,6.614
23-Jan-22,12:12:24,5.566
23-Jan-22,15:36:44,6.344
23-Jan-22,2:22:44,1.048
23-Jan-22,5:25:27,0.974
23-Jan-22,8:41:02,8.244
23-Jan-22,3:22:27,0.916
23-Jan-22,11:32:25,5.918
23-Jan-22,13:52:48,4.388
23-Jan-22,20:30:20,8.226
23-Jan-22,23:36:33,6.084
23-Jan-22,21:31:15,7.884
23-Jan-22,15:57:40,5.716
23-Jan-22,11:52:37,6.056
23-Jan-22,8:19:57,18.39
23-Jan-22,22:34:15,9.066
23-Jan-22,18:03:19,6.368
23-Jan-22,12:33:29,5.462
23-Jan-22,14:32:38,5.26
23-Jan-22,5:46:31,0.966
23-Jan-22,0:17:52,0.888
23-Jan-22,23:15:50,16.806
23-Jan-22,2:43:42,0.976
23-Jan-22,15:14:23,5.272
23-Jan-22,22:11:58,7.86
23-Jan-22,11:11:04,6.392
23-Jan-22,1:59:21,0.992
23-Jan-22,20:08:58,16.644
23-Jan-22,4:24:50,1.88
23-Jan-22,17:02:08,5.912
23-Jan-22,10:26:34,6.46
23-Jan-22,20:50:45,7.958
23-Jan-22,23:56:05,3.044
23-Jan-22,21:11:15,8.25
23-Jan-22,9:00:57,7.21
23-Jan-22,0:38:00,0.932
23-Jan-22,5:04:43,0.918
23-Jan-22,14:12:37,5.19
23-Jan-22,12:53:07,5.504
23-Jan-22,9:20:53,7.844
23-Jan-22,4:44:40,0.886
23-Jan-22,18:45:03,6.988
23-Jan-22,21:52:06,7.654
23-Jan-22,6:06:48,0.916
23-Jan-22,1:37:30,1.83
23-Jan-22,16:19:40,5.62
23-Jan-22,19:25:10,7.324
24-Jan-22,10:12:53,0.976
24-Jan-22,1:39:16,0.954
24-Jan-22,18:35:38,8.044
24-Jan-22,16:48:51,5.396
24-Jan-22,13:40:03,5.638
24-Jan-22,20:20:48,8.532
24-Jan-22,0:17:47,1.496
24-Jan-22,5:45:49,0.914
24-Jan-22,23:47:02,9.14
24-Jan-22,21:23:31,9.404
24-Jan-22,18:14:11,7.724
24-Jan-22,5:25:46,0.928
24-Jan-22,0:58:37,0.908
24-Jan-22,15:04:43,4.832
24-Jan-22,9:11:11,0.974
24-Jan-22,10:32:05,6.54
24-Jan-22,6:25:41,0.918
24-Jan-22,18:56:31,8.384
24-Jan-22,16:07:39,4.69
24-Jan-22,13:20:01,6.11
24-Jan-22,3:24:47,0.958
24-Jan-22,9:51:51,0.906
24-Jan-22,1:59:50,0.938
24-Jan-22,6:05:27,0.912
24-Jan-22,20:00:18,8.008
24-Jan-22,12:38:14,6.94
24-Jan-22,14:43:57,4.784
24-Jan-22,3:44:52,0.902
24-Jan-22,7:26:42,0.912
24-Jan-22,22:05:16,9.186
24-Jan-22,8:09:03,0.998
24-Jan-22,4:26:14,1.906
24-Jan-22,17:08:39,5.356
24-Jan-22,14:00:17,5.472
24-Jan-22,11:55:50,7.744
24-Jan-22,20:41:16,9.2
24-Jan-22,15:46:14,10.34
24-Jan-22,19:40:13,9.252
24-Jan-22,23:26:49,8.94
24-Jan-22,7:07:00,0.916
24-Jan-22,3:03:52,0.9
24-Jan-22,23:06:40,9.544
24-Jan-22,11:13:50,9.404
24-Jan-22,2:44:18,1.116
24-Jan-22,21:02:35,9.432
24-Jan-22,11:34:01,8.89
24-Jan-22,2:20:28,0.918
24-Jan-22,4:45:51,0.896
24-Jan-22,17:52:26,6.126
24-Jan-22,21:44:46,9.408
24-Jan-22,14:22:30,5.34
24-Jan-22,8:50:44,0.948
24-Jan-22,5:05:46,0.908
24-Jan-22,1:18:35,0.938
24-Jan-22,16:28:33,5.302
24-Jan-22,8:30:10,0.96
24-Jan-22,12:15:50,6.42
24-Jan-22,17:32:05,6.61
24-Jan-22,0:38:13,0.958
24-Jan-22,10:52:32,8.95
24-Jan-22,6:47:03,1.004
24-Jan-22,22:45:32,9.212
24-Jan-22,12:59:13,4.748
24-Jan-22,9:32:42,0.996
24-Jan-22,7:47:51,0.938
24-Jan-22,19:18:21,8.136
24-Jan-22,22:24:37,8.382
25-Jan-22,11:16:11,6.506
25-Jan-22,0:47:45,0.966
25-Jan-22,8:27:48,9.824
25-Jan-22,17:36:27,5.872
25-Jan-22,15:51:52,5.614
25-Jan-22,19:20:29,5.874
25-Jan-22,6:00:34,0.98
25-Jan-22,12:40:59,6.986
25-Jan-22,17:14:47,11.562
25-Jan-22,11:59:42,7.036
25-Jan-22,8:06:09,9.14
25-Jan-22,3:55:01,1.004
25-Jan-22,20:22:12,6.432
25-Jan-22,21:25:57,6.008
25-Jan-22,22:47:27,6.108
25-Jan-22,11:37:53,8.186
25-Jan-22,14:04:46,4.788
25-Jan-22,16:13:22,5.374
25-Jan-22,5:19:06,0.956
25-Jan-22,2:51:26,0.94
25-Jan-22,17:59:25,6.648
25-Jan-22,22:08:31,6.656
25-Jan-22,8:48:04,8.86
25-Jan-22,4:57:40,1.02
25-Jan-22,1:52:10,0.984
25-Jan-22,13:44:31,6.71
25-Jan-22,12:21:12,6.468
25-Jan-22,16:34:46,5.202
25-Jan-22,3:12:39,0.968
25-Jan-22,6:21:47,0.986
25-Jan-22,20:00:57,11.694
25-Jan-22,18:19:54,3.318
25-Jan-22,21:47:28,6.802
25-Jan-22,23:08:11,6.524
25-Jan-22,18:58:47,5.312
25-Jan-22,20:41:36,6.568
25-Jan-22,22:28:36,7.924
25-Jan-22,9:09:39,9.624
25-Jan-22,7:24:59,6.892
25-Jan-22,2:31:40,0.864
25-Jan-22,14:25:48,5.552
25-Jan-22,18:38:29,3.83
25-Jan-22,21:05:12,8.022
25-Jan-22,23:47:48,11.112
25-Jan-22,0:26:51,0.888
25-Jan-22,10:34:10,8.626
25-Jan-22,5:39:13,0.94
25-Jan-22,15:06:32,4.468
25-Jan-22,13:20:28,5.564
25-Jan-22,1:30:38,0.928
25-Jan-22,4:35:43,0.87
25-Jan-22,10:14:07,8.904
25-Jan-22,1:10:39,1.03
25-Jan-22,7:45:42,9.096
25-Jan-22,14:46:30,4.884
25-Jan-22,3:33:08,0.952
25-Jan-22,10:56:29,9.094
25-Jan-22,15:28:29,5.612
25-Jan-22,9:53:59,19.512
25-Jan-22,6:42:25,0.95
25-Jan-22,2:12:32,0.936
25-Jan-22,13:00:29,5.48
25-Jan-22,7:04:41,1.02
25-Jan-22,0:07:51,5.172
25-Jan-22,4:16:26,0.986
26-Jan-22,1:08:41,0.936
26-Jan-22,4:18:49,1.85
26-Jan-22,0:49:01,0.9
26-Jan-22,7:06:40,0.902
26-Jan-22,2:34:00,0.928
26-Jan-22,6:03:57,0.978
26-Jan-22,0:28:45,0.956
26-Jan-22,2:13:50,1.122
26-Jan-22,5:01:09,1
26-Jan-22,5:20:49,0.9
26-Jan-22,4:39:52,0.94
26-Jan-22,1:49:04,0.94
26-Jan-22,5:42:36,1.006
26-Jan-22,3:14:53,0.98
26-Jan-22,6:46:51,1.044
26-Jan-22,3:38:41,1.098
26-Jan-22,1:29:00,0.906
26-Jan-22,2:53:57,0.908
26-Jan-22,6:24:37,0.938
26-Jan-22,0:07:44,1.3
27-Jan-22,14:59:26,3.666
27-Jan-22,12:33:24,0.888
27-Jan-22,21:55:41,8.388
27-Jan-22,22:18:10,7.084
27-Jan-22,8:43:56,13.488
27-Jan-22,9:14:04,9.5
27-Jan-22,8:10:20,13.906
27-Jan-22,18:45:39,3.064
27-Jan-22,12:14:18,0.898
27-Jan-22,17:44:34,4.648
27-Jan-22,20:07:22,4.48
27-Jan-22,12:54:23,0.968
27-Jan-22,16:42:49,4.088
27-Jan-22,9:47:56,8.584
27-Jan-22,16:21:42,3.86
27-Jan-22,13:56:05,4.158
27-Jan-22,10:50:59,3.156
27-Jan-22,23:19:59,6.722
27-Jan-22,21:32:01,7.622
27-Jan-22,23:00:25,7.562
27-Jan-22,15:40:00,3.876
27-Jan-22,19:27:32,6.476
27-Jan-22,14:15:24,2.992
27-Jan-22,11:54:30,3.41
27-Jan-22,20:47:49,9.76
27-Jan-22,11:32:32,0.976
27-Jan-22,17:03:07,2.876
27-Jan-22,10:30:13,4.234
27-Jan-22,22:40:25,7.418
27-Jan-22,16:00:54,2.656
27-Jan-22,13:14:20,0.902
27-Jan-22,18:24:54,2.02
27-Jan-22,15:19:35,3.016
27-Jan-22,18:03:28,2.844
27-Jan-22,7:39:10,10.942
27-Jan-22,7:14:26,2.344
27-Jan-22,17:23:48,4.248
27-Jan-22,21:09:43,6.738
27-Jan-22,13:34:39,2.128
27-Jan-22,10:09:23,4.446
27-Jan-22,11:11:23,1.664
27-Jan-22,14:39:07,4.098
27-Jan-22,19:47:01,3.944
28-Jan-22,6:38:27,0.968
28-Jan-22,2:49:01,1.068
28-Jan-22,21:27:09,4.174
28-Jan-22,9:30:13,8.51
28-Jan-22,4:51:49,0.912
28-Jan-22,1:03:10,0.916
28-Jan-22,15:13:00,2.162
28-Jan-22,12:19:47,3.14
28-Jan-22,2:05:07,0.938
28-Jan-22,5:57:10,0.974
28-Jan-22,3:29:29,0.844
28-Jan-22,15:54:23,2.278
28-Jan-22,17:38:57,4.22
28-Jan-22,7:43:14,8.724
28-Jan-22,11:39:05,1.014
28-Jan-22,14:29:58,2.4
28-Jan-22,11:59:39,0.938
28-Jan-22,5:11:28,0.908
28-Jan-22,1:44:41,0.938
28-Jan-22,23:33:59,10.63
28-Jan-22,17:59:28,4.33
28-Jan-22,21:07:14,6.592
28-Jan-22,2:25:52,0.924
28-Jan-22,10:56:30,1.594
28-Jan-22,19:02:01,5.754
28-Jan-22,22:31:58,6.686
28-Jan-22,14:50:55,3.4
28-Jan-22,1:24:44,0.948
28-Jan-22,11:17:34,1.738
28-Jan-22,22:06:49,4.242
28-Jan-22,19:22:28,3.67
28-Jan-22,20:47:42,7.61
28-Jan-22,13:45:20,0.908
28-Jan-22,18:19:58,4.12
28-Jan-22,10:10:39,11.166
28-Jan-22,6:17:58,0.938
28-Jan-22,3:10:36,1.012
28-Jan-22,5:35:54,1.124
28-Jan-22,8:46:35,8.074
28-Jan-22,19:42:08,3.178
28-Jan-22,16:56:40,3.378
28-Jan-22,16:36:02,3.138
28-Jan-22,14:08:40,2.192
28-Jan-22,4:32:06,0.932
28-Jan-22,0:22:15,0.98
28-Jan-22,8:25:55,18.818
28-Jan-22,20:03:14,4.952
28-Jan-22,22:52:37,4.894
28-Jan-22,23:54:56,0.986
28-Jan-22,12:40:46,4.106
28-Jan-22,18:41:12,5.24
28-Jan-22,9:07:58,8.566
28-Jan-22,0:43:27,0.968
28-Jan-22,7:23:39,4.984
28-Jan-22,0:01:07,10.914
28-Jan-22,4:11:51,0.988
28-Jan-22,15:33:20,3.66
28-Jan-22,13:25:32,1.002
28-Jan-22,10:36:09,3.034
28-Jan-22,7:03:09,1.12
28-Jan-22,16:14:11,3.228
28-Jan-22,21:46:51,4.196
28-Jan-22,3:49:48,0.956
28-Jan-22,13:04:15,2.964
28-Jan-22,17:17:25,3.744
28-Jan-22,20:23:49,6.274
29-Jan-22,21:56:29,0.984
29-Jan-22,13:15:41,1.222
29-Jan-22,8:36:43,1
29-Jan-22,4:25:48,0.98
29-Jan-22,1:00:47,0.908
29-Jan-22,12:26:54,1.002
29-Jan-22,16:08:50,1.152
29-Jan-22,9:38:52,1.008
29-Jan-22,6:52:22,0.988
29-Jan-22,15:02:37,0.97
29-Jan-22,22:38:45,1.024
29-Jan-22,6:10:16,0.894
29-Jan-22,19:30:21,3.888
29-Jan-22,22:59:50,0.964
29-Jan-22,15:23:07,0.936
29-Jan-22,10:18:30,0.848
29-Jan-22,16:50:40,0.914
29-Jan-22,22:16:18,0.932
29-Jan-22,0:15:30,0.944
29-Jan-22,6:31:35,0.96
29-Jan-22,7:31:27,0.888
29-Jan-22,1:21:57,0.998
29-Jan-22,11:44:54,0.978
29-Jan-22,3:45:38,0.946
29-Jan-22,7:11:40,0.888
29-Jan-22,15:43:54,0.946
29-Jan-22,23:21:24,0.988
29-Jan-22,2:43:41,0.946
29-Jan-22,5:50:34,1.158
29-Jan-22,17:32:02,1.876
29-Jan-22,9:17:29,0.948
29-Jan-22,12:05:06,0.912
29-Jan-22,4:05:06,0.862
29-Jan-22,11:23:30,1.834
29-Jan-22,2:23:48,0.932
29-Jan-22,23:41:07,0.886
29-Jan-22,20:13:28,1.968
29-Jan-22,1:41:57,0.908
29-Jan-22,7:51:28,0.948
29-Jan-22,14:40:46,2.53
29-Jan-22,16:29:54,0.954
29-Jan-22,21:34:54,0.888
29-Jan-22,5:06:18,0.922
29-Jan-22,2:03:04,0.972
29-Jan-22,20:34:53,0.992
29-Jan-22,10:39:45,1.012
29-Jan-22,17:52:27,0.944
29-Jan-22,5:25:55,0.902
29-Jan-22,9:59:27,0.948
29-Jan-22,0:40:25,1.138
29-Jan-22,20:54:51,0.908
29-Jan-22,13:40:52,1.154
29-Jan-22,8:56:24,0.924
29-Jan-22,3:25:10,0.912
29-Jan-22,4:45:36,0.908
29-Jan-22,3:05:20,0.982
29-Jan-22,8:14:52,1.072
29-Jan-22,21:14:57,0.924
29-Jan-22,12:46:50,0.92
30-Jan-22,3:25:46,0.916
30-Jan-22,13:49:57,6.468
30-Jan-22,21:52:15,4.508
30-Jan-22,12:04:34,4.562
30-Jan-22,4:31:38,0.93
30-Jan-22,23:39:12,4.896
30-Jan-22,7:57:01,9.462
30-Jan-22,0:02:20,0.994
30-Jan-22,17:59:44,1.902
30-Jan-22,15:36:30,0.908
30-Jan-22,11:22:46,5.54
30-Jan-22,21:28:53,3.02
30-Jan-22,7:15:08,3.976
30-Jan-22,22:33:59,2.874
30-Jan-22,6:31:36,0.922
30-Jan-22,1:24:12,0.918
30-Jan-22,10:21:48,7.452
30-Jan-22,2:26:32,0.96
30-Jan-22,19:25:10,0.958
30-Jan-22,4:11:40,0.984
30-Jan-22,7:35:33,9.154
30-Jan-22,14:09:51,2.246
30-Jan-22,11:02:59,4.824
30-Jan-22,20:48:58,3.78
30-Jan-22,10:43:35,6.316
30-Jan-22,6:54:47,1.086
30-Jan-22,3:05:28,0.922
30-Jan-22,18:43:17,1.998
30-Jan-22,10:00:45,6.83
30-Jan-22,1:04:13,1.918
30-Jan-22,19:46:15,1.816
30-Jan-22,12:26:50,4.404
30-Jan-22,16:16:20,0.942
30-Jan-22,8:57:50,27.284
30-Jan-22,5:11:57,0.904
30-Jan-22,12:47:55,3.078
30-Jan-22,17:18:08,2.282
30-Jan-22,20:28:55,2.356
30-Jan-22,9:19:58,9.844
30-Jan-22,5:32:52,0.982
30-Jan-22,2:45:26,0.906
30-Jan-22,15:16:39,2.34
30-Jan-22,11:43:54,4.644
30-Jan-22,22:14:02,3.206
30-Jan-22,4:51:57,0.94
30-Jan-22,0:22:03,0.904
30-Jan-22,15:55:46,0.892
30-Jan-22,19:04:34,0.992
30-Jan-22,13:08:56,3.464
30-Jan-22,9:40:45,8.046
30-Jan-22,5:52:15,0.9
30-Jan-22,2:05:01,0.96
30-Jan-22,23:15:24,8.14
30-Jan-22,20:07:59,3.18
30-Jan-22,6:11:47,0.872
30-Jan-22,1:44:14,0.928
30-Jan-22,14:56:09,5.694
30-Jan-22,21:09:11,3.316
30-Jan-22,3:50:10,1.12
30-Jan-22,16:57:55,1.938
31-Jan-22,19:46:18,5.304
31-Jan-22,23:12:04,4.048
31-Jan-22,14:27:42,0.932
31-Jan-22,3:25:02,0.922
31-Jan-22,8:11:17,6.68
31-Jan-22,12:01:39,0.968
31-Jan-22,8:31:08,5.572
31-Jan-22,20:28:06,6.468
31-Jan-22,11:41:22,0.964
31-Jan-22,15:30:54,0.966
31-Jan-22,8:51:20,5.622
31-Jan-22,17:35:04,3.384
31-Jan-22,2:44:48,0.9
31-Jan-22,7:31:03,4.268
31-Jan-22,10:37:02,1.368
31-Jan-22,21:08:26,12.644
31-Jan-22,23:36:31,4.312
31-Jan-22,21:49:54,6.888
31-Jan-22,15:09:26,0.914
31-Jan-22,0:40:40,0.93
31-Jan-22,4:29:41,1.116
31-Jan-22,22:51:54,2.664
31-Jan-22,17:14:35,2.088
31-Jan-22,3:45:16,0.932
31-Jan-22,22:30:52,3.008
31-Jan-22,18:59:13,4.622
31-Jan-22,5:48:26,0.916
31-Jan-22,1:20:07,1.798
31-Jan-22,16:53:55,0.91
31-Jan-22,9:55:02,4.498
31-Jan-22,7:50:03,8.12
31-Jan-22,15:52:01,0.976
31-Jan-22,13:05:26,1.068
31-Jan-22,4:05:49,0.916
31-Jan-22,9:30:26,4.94
31-Jan-22,5:28:45,0.896
31-Jan-22,1:40:31,0.914
31-Jan-22,17:57:12,2.682
31-Jan-22,21:27:29,5.24
31-Jan-22,7:10:19,0.916
31-Jan-22,11:19:54,0.966
31-Jan-22,3:04:49,0.926
31-Jan-22,20:06:08,5.354
31-Jan-22,23:57:07,2.082
31-Jan-22,10:58:59,1.006
31-Jan-22,6:09:48,0.956
31-Jan-22,22:09:27,6.256
31-Jan-22,22:09:27,6.256
31-Jan-22,18:18:39,3.966
31-Jan-22,14:49:14,0.988
31-Jan-22,6:30:14,0.964
31-Jan-22,0:20:16,2.444
31-Jan-22,19:25:16,6.148
31-Jan-22,12:42:42,1.868
31-Jan-22,16:34:04,0.948
31-Jan-22,2:04:00,1.098
31-Jan-22,9:10:51,5.494
31-Jan-22,14:07:33,2.33
31-Jan-22,2:24:53,0.956
31-Jan-22,6:50:14,0.884
31-Jan-22,10:16:51,2.834
31-Jan-22,18:37:47,4.124
31-Jan-22,13:47:09,4.582
31-Jan-22,16:13:21,1.006
31-Jan-22,5:08:58,1.8
01-Feb-22,14:41:48,1.016
01-Feb-22,17:28:44,0.928
01-Feb-22,19:51:07,0.988
01-Feb-22,7:26:39,1.126
01-Feb-22,5:20:47,0.886
01-Feb-22,0:58:08,0.994
01-Feb-22,15:03:14,0.956
01-Feb-22,10:11:02,0.888
01-Feb-22,8:07:57,1
01-Feb-22,23:19:34,0.952
01-Feb-22,19:29:47,2.758
01-Feb-22,2:59:52,0.954
01-Feb-22,8:48:25,0.898
01-Feb-22,18:29:17,1.872
01-Feb-22,11:14:33,0.936
01-Feb-22,23:39:29,0.902
01-Feb-22,20:11:54,0.928
01-Feb-22,16:46:40,0.898
01-Feb-22,14:00:03,0.914
01-Feb-22,10:53:39,0.996
01-Feb-22,8:29:14,0.982
01-Feb-22,1:58:34,0.916
01-Feb-22,7:01:46,0.938
01-Feb-22,2:38:51,0.888
01-Feb-22,16:04:00,0.968
01-Feb-22,21:58:36,1.028
01-Feb-22,12:39:22,1.88
01-Feb-22,0:36:31,0.89
01-Feb-22,4:41:40,0.93
01-Feb-22,9:29:59,0.944
01-Feb-22,22:59:11,1.828
01-Feb-22,6:20:36,0.932
01-Feb-22,1:18:41,0.942
01-Feb-22,9:09:44,0.976
01-Feb-22,5:41:26,0.928
01-Feb-22,1:38:01,0.882
01-Feb-22,3:41:04,0.924
01-Feb-22,10:32:29,0.968
01-Feb-22,9:51:31,0.984
01-Feb-22,6:00:26,0.884
01-Feb-22,21:35:38,3.86
01-Feb-22,16:26:28,1.052
01-Feb-22,13:01:35,1.036
01-Feb-22,9:51:31,0.984
01-Feb-22,14:00:03,0.914
01-Feb-22,8:48:25,0.898
01-Feb-22,5:01:34,0.92
01-Feb-22,22:18:46,0.928
01-Feb-22,0:17:01,0.9
01-Feb-22,4:21:03,0.928
01-Feb-22,11:35:28,0.956
01-Feb-22,15:42:55,0.908
01-Feb-22,7:46:19,0.94
01-Feb-22,4:01:08,0.908
01-Feb-22,17:47:51,0.878
01-Feb-22,15:23:05,0.908
01-Feb-22,3:20:48,0.968
01-Feb-22,13:40:04,1.656
01-Feb-22,14:20:03,0.91
01-Feb-22,17:08:31,1.018
01-Feb-22,11:57:31,1.024
01-Feb-22,6:41:50,0.952
01-Feb-22,2:19:27,0.976
01-Feb-22,23:59:16,0.884
02-Feb-22,18:03:39,0.954
02-Feb-22,2:24:23,0.94
02-Feb-22,5:49:45,1.052
02-Feb-22,3:27:02,0.978
02-Feb-22,11:18:08,0.904
02-Feb-22,23:47:52,0.896
02-Feb-22,17:20:49,1.08
02-Feb-22,14:27:26,0.956
02-Feb-22,5:06:51,0.928
02-Feb-22,0:19:10,0.924
02-Feb-22,21:17:04,1.022
02-Feb-22,6:29:37,0.934
02-Feb-22,2:03:54,1.038
02-Feb-22,13:44:06,0.994
02-Feb-22,13:44:06,0.994
02-Feb-22,12:38:47,0.924
02-Feb-22,12:38:47,0.924
02-Feb-22,23:07:23,1.07
02-Feb-22,20:55:14,0.968
02-Feb-22,8:34:16,0.932
02-Feb-22,12:18:51,0.928
02-Feb-22,4:46:52,0.902
02-Feb-22,18:44:47,0.918
02-Feb-22,21:38:20,0.968
02-Feb-22,17:42:51,1.008
02-Feb-22,16:14:01,1.026
02-Feb-22,12:59:36,0.968
02-Feb-22,10:37:42,0.944
02-Feb-22,1:19:50,0.896
02-Feb-22,6:09:03,0.898
02-Feb-22,16:35:45,1.002
02-Feb-22,14:06:26,1.04
02-Feb-22,6:49:03,0.902
02-Feb-22,22:44:35,1.122
02-Feb-22,20:34:35,1.044
02-Feb-22,7:08:50,0.906
02-Feb-22,10:17:03,1.868
02-Feb-22,5:27:00,0.93
02-Feb-22,1:00:34,0.914
02-Feb-22,9:36:39,1.92
02-Feb-22,0:39:59,0.956
02-Feb-22,19:05:41,0.982
02-Feb-22,15:08:01,0.926
02-Feb-22,22:20:47,0.934
02-Feb-22,18:24:47,0.998
02-Feb-22,3:05:18,1.892
02-Feb-22,15:51:48,2.022
02-Feb-22,8:54:52,0.948
02-Feb-22,4:26:53,0.934
02-Feb-22,19:49:40,2.044
02-Feb-22,23:28:46,0.984
02-Feb-22,4:07:14,0.91
02-Feb-22,20:11:55,1.036
02-Feb-22,14:47:45,0.958
02-Feb-22,7:29:58,0.98
02-Feb-22,11:38:27,0.934
02-Feb-22,22:00:18,1.044
02-Feb-22,11:58:57,0.95
02-Feb-22,10:58:21,0.964
02-Feb-22,1:41:10,0.978
02-Feb-22,7:53:10,1.084
02-Feb-22,13:22:28,1.056
02-Feb-22,16:57:43,1.02
02-Feb-22,8:13:56,0.96
02-Feb-22,3:46:48,0.934
03-Feb-22,9:58:11,0.944
03-Feb-22,6:06:06,1
03-Feb-22,2:57:01,1.082
03-Feb-22,23:10:55,0.932
03-Feb-22,0:09:34,1.024
03-Feb-22,8:54:35,1.012
03-Feb-22,8:11:45,0.888
03-Feb-22,3:18:05,0.976
03-Feb-22,16:53:33,1.004
03-Feb-22,10:40:38,1.006
03-Feb-22,7:09:42,1.006
03-Feb-22,0:29:58,0.914
03-Feb-22,18:16:24,0.946
03-Feb-22,13:54:16,0.98
03-Feb-22,19:42:40,0.946
03-Feb-22,23:55:40,1.13
03-Feb-22,15:36:39,0.902
03-Feb-22,1:32:10,0.952
03-Feb-22,18:37:10,0.968
03-Feb-22,12:49:12,0.956
03-Feb-22,9:37:37,0.996
03-Feb-22,15:16:50,0.936
03-Feb-22,1:53:00,0.964
03-Feb-22,5:44:21,1.002
03-Feb-22,17:55:08,0.98
03-Feb-22,21:26:47,0.904
03-Feb-22,10:18:37,0.96
03-Feb-22,6:48:02,0.952
03-Feb-22,1:11:09,0.94
03-Feb-22,22:07:44,1.894
03-Feb-22,14:56:20,0.994
03-Feb-22,11:03:16,1.056
03-Feb-22,3:58:52,0.914
03-Feb-22,13:33:07,1.04
03-Feb-22,19:22:07,2.038
03-Feb-22,16:31:39,0.854
03-Feb-22,23:30:41,0.924
03-Feb-22,11:44:55,0.986
03-Feb-22,14:34:45,0.926
03-Feb-22,4:40:50,0.952
03-Feb-22,8:33:02,0.964
03-Feb-22,11:23:34,0.93
03-Feb-22,7:30:40,0.974
03-Feb-22,20:45:59,0.998
03-Feb-22,12:08:10,1.066
03-Feb-22,3:38:32,0.962
03-Feb-22,9:16:05,0.984
03-Feb-22,6:27:20,0.976
03-Feb-22,4:19:50,0.982
03-Feb-22,14:14:36,0.948
03-Feb-22,17:13:37,0.924
03-Feb-22,20:24:36,1.882
03-Feb-22,21:06:23,0.936
03-Feb-22,12:28:48,0.97
03-Feb-22,17:33:36,0.892
03-Feb-22,7:52:38,1.04
03-Feb-22,2:14:04,0.976
03-Feb-22,5:01:50,0.968
03-Feb-22,2:33:45,0.896
03-Feb-22,16:12:16,1.538
03-Feb-22,22:50:29,0.96
03-Feb-22,22:29:34,0.97
03-Feb-22,13:10:20,0.958
03-Feb-22,5:22:33,0.982
03-Feb-22,0:50:21,0.962
04-Feb-22,10:33:15,0.902
04-Feb-22,5:26:08,0.924
04-Feb-22,1:17:26,1.886
04-Feb-22,1:17:26,1.886
04-Feb-22,1:17:26,1.886
04-Feb-22,23:20:02,0.948
04-Feb-22,20:13:21,0.932
04-Feb-22,21:36:32,0.992
04-Feb-22,7:13:56,1.024
04-Feb-22,2:41:52,0.902
04-Feb-22,2:22:10,0.908
04-Feb-22,18:11:13,1.01
04-Feb-22,14:23:50,1.862
04-Feb-22,2:02:07,0.936
04-Feb-22,15:42:24,0.946
04-Feb-22,22:59:45,0.954
04-Feb-22,18:52:07,0.916
04-Feb-22,9:02:28,1.026
04-Feb-22,16:45:49,1.008
04-Feb-22,13:43:28,0.93
04-Feb-22,4:24:35,0.98
04-Feb-22,21:14:54,0.96
04-Feb-22,22:38:46,0.978
04-Feb-22,19:11:23,0.888
04-Feb-22,16:24:18,0.958
04-Feb-22,13:02:46,1.026
04-Feb-22,1:41:41,1.102
04-Feb-22,6:30:26,1.012
04-Feb-22,10:12:57,0.892
04-Feb-22,11:14:45,0.944
04-Feb-22,3:43:25,0.928
04-Feb-22,17:48:56,0.938
04-Feb-22,20:33:33,0.928
04-Feb-22,5:47:48,0.988
04-Feb-22,13:23:28,0.946
04-Feb-22,16:03:06,0.952
04-Feb-22,6:08:25,0.968
04-Feb-22,6:51:55,0.968
04-Feb-22,12:18:44,1.044
04-Feb-22,23:39:47,0.908
04-Feb-22,15:21:51,0.932
04-Feb-22,23:59:48,0.928
04-Feb-22,7:58:31,1.008
04-Feb-22,4:03:26,0.904
04-Feb-22,20:53:57,0.956
04-Feb-22,15:01:33,1.74
04-Feb-22,11:56:06,1
04-Feb-22,8:39:43,0.916
04-Feb-22,0:14:51,0.878
04-Feb-22,21:58:06,1.024
04-Feb-22,12:40:14,0.98
04-Feb-22,9:53:25,1.336
04-Feb-22,5:05:33,0.984
04-Feb-22,19:32:28,0.984
04-Feb-22,7:36:48,1.032
04-Feb-22,3:22:56,1.898
04-Feb-22,10:53:33,0.962
04-Feb-22,19:53:18,0.948
04-Feb-22,17:06:00,0.912
04-Feb-22,9:22:18,0.9
04-Feb-22,8:19:56,0.966
04-Feb-22,4:44:00,0.888
04-Feb-22,11:34:53,0.928
04-Feb-22,17:28:36,1.052
04-Feb-22,22:18:11,0.916
04-Feb-22,18:32:14,0.972
04-Feb-22,0:36:13,0.976
05-Feb-22,2:23:50,0.9
05-Feb-22,6:11:47,1.9
05-Feb-22,16:57:20,0.924
05-Feb-22,12:38:48,1.266
05-Feb-22,22:04:21,1.978
05-Feb-22,8:58:19,1.02
05-Feb-22,4:27:33,0.9
05-Feb-22,19:32:31,1.012
05-Feb-22,14:02:37,0.92
05-Feb-22,4:07:43,1.004
05-Feb-22,9:20:00,0.992
05-Feb-22,13:21:41,1.032
05-Feb-22,18:26:57,3.112
05-Feb-22,17:18:50,0.996
05-Feb-22,23:06:28,0.94
05-Feb-22,18:49:03,0.994
05-Feb-22,15:06:18,0.984
05-Feb-22,2:44:49,0.97
05-Feb-22,7:13:16,0.884
05-Feb-22,16:13:48,1.084
05-Feb-22,10:23:15,0.968
05-Feb-22,6:31:51,0.928
05-Feb-22,0:19:48,0.93
05-Feb-22,3:05:11,0.918
05-Feb-22,10:44:10,0.96
05-Feb-22,6:54:02,1.012
05-Feb-22,21:00:57,1.014
05-Feb-22,13:42:35,0.944
05-Feb-22,9:41:44,1.004
05-Feb-22,1:02:56,0.974
05-Feb-22,23:52:26,1.122
05-Feb-22,22:46:12,0.96
05-Feb-22,4:48:33,0.988
05-Feb-22,8:16:19,1.02
05-Feb-22,12:59:31,0.954
05-Feb-22,0:41:35,1.012
05-Feb-22,11:49:33,2.002
05-Feb-22,19:53:24,0.948
05-Feb-22,15:49:47,1.028
05-Feb-22,15:27:22,0.972
05-Feb-22,5:30:29,0.998
05-Feb-22,3:26:17,0.998
05-Feb-22,22:25:41,0.992
05-Feb-22,3:45:53,0.894
05-Feb-22,8:36:34,0.92
05-Feb-22,21:21:00,0.924
05-Feb-22,14:45:05,1
05-Feb-22,7:54:33,0.932
05-Feb-22,2:04:37,0.928
05-Feb-22,11:06:42,1.012
05-Feb-22,23:28:09,0.982
05-Feb-22,5:09:14,0.938
05-Feb-22,1:22:48,0.914
05-Feb-22,19:10:59,0.998
05-Feb-22,10:02:46,0.96
05-Feb-22,14:23:05,0.936
05-Feb-22,20:38:54,2.092
05-Feb-22,16:37:01,1.056
05-Feb-22,1:44:15,0.974
05-Feb-22,7:34:06,0.976
05-Feb-22,12:09:16,0.914
06-Feb-22,22:23:25,3.002
06-Feb-22,19:11:29,1.008
06-Feb-22,10:15:40,2.684
06-Feb-22,4:31:37,1.012
06-Feb-22,18:49:19,1.028
06-Feb-22,9:08:58,5.2
06-Feb-22,5:36:23,0.968
06-Feb-22,4:09:51,1.008
06-Feb-22,12:24:37,1.102
06-Feb-22,15:14:02,0.93
06-Feb-22,9:52:35,5.38
06-Feb-22,5:15:32,0.976
06-Feb-22,23:48:11,3.838
06-Feb-22,19:51:24,0.912
06-Feb-22,3:04:07,1.054
06-Feb-22,7:02:14,1.028
06-Feb-22,6:19:13,0.944
06-Feb-22,5:58:49,1.038
06-Feb-22,3:26:05,1.014
06-Feb-22,16:18:21,1.004
06-Feb-22,20:36:10,0.992
06-Feb-22,22:02:11,1.044
06-Feb-22,0:15:13,1.054
06-Feb-22,4:54:08,1.06
06-Feb-22,2:41:27,1.032
06-Feb-22,13:52:37,1.044
06-Feb-22,20:14:28,1.092
06-Feb-22,13:08:30,1.042
06-Feb-22,15:35:50,1.01
06-Feb-22,0:35:22,0.95
06-Feb-22,10:36:33,0.962
06-Feb-22,18:27:23,1.02
06-Feb-22,12:46:10,1.014
06-Feb-22,22:43:15,5.416
06-Feb-22,8:28:22,5.21
06-Feb-22,0:55:33,0.908
06-Feb-22,11:40:15,1.044
06-Feb-22,7:44:33,0.956
06-Feb-22,21:18:22,0.984
06-Feb-22,17:23:18,1.008
06-Feb-22,17:45:15,0.996
06-Feb-22,2:19:20,1.908
06-Feb-22,8:06:34,1.028
06-Feb-22,7:23:48,1.008
06-Feb-22,1:15:22,0.924
06-Feb-22,13:29:34,0.986
06-Feb-22,15:57:02,0.976
06-Feb-22,23:26:38,7.266
06-Feb-22,14:13:09,0.972
06-Feb-22,17:01:55,2
06-Feb-22,10:57:16,0.962
06-Feb-22,6:40:28,0.994
06-Feb-22,9:29:45,4.596
06-Feb-22,19:31:46,0.952
06-Feb-22,23:03:24,6.392
06-Feb-22,12:01:09,0.954
06-Feb-22,3:48:09,1.012
06-Feb-22,18:05:38,0.948
06-Feb-22,21:40:20,1.004
06-Feb-22,1:37:48,1.044
06-Feb-22,8:49:24,9.422
06-Feb-22,11:17:29,0.96
06-Feb-22,14:53:55,1.894
06-Feb-22,20:57:21,1
07-Feb-22,19:08:22,0.984
07-Feb-22,15:39:33,1.006
07-Feb-22,12:54:44,0.996
07-Feb-22,2:56:18,2.012
07-Feb-22,6:52:19,0.992
07-Feb-22,7:37:56,1.07
07-Feb-22,11:07:41,1.056
07-Feb-22,20:33:05,1.034
07-Feb-22,18:26:25,1.954
07-Feb-22,21:56:09,0.92
07-Feb-22,8:21:27,0.99
07-Feb-22,1:31:14,0.96
07-Feb-22,14:17:19,0.966
07-Feb-22,10:44:39,0.948
07-Feb-22,17:23:39,0.9
07-Feb-22,3:17:37,0.972
07-Feb-22,7:15:02,1.06
07-Feb-22,16:22:05,1.02
07-Feb-22,5:46:38,1.034
07-Feb-22,1:52:07,0.966
07-Feb-22,19:29:56,0.996
07-Feb-22,23:39:48,0.976
07-Feb-22,8:41:56,0.942
07-Feb-22,1:10:23,0.968
07-Feb-22,16:00:27,0.966
07-Feb-22,19:50:00,0.952
07-Feb-22,22:58:35,1.042
07-Feb-22,9:22:22,0.964
07-Feb-22,0:28:49,0.984
07-Feb-22,5:04:58,1.004
07-Feb-22,22:17:43,1.014
07-Feb-22,9:01:48,0.948
07-Feb-22,4:21:46,0.97
07-Feb-22,12:33:21,1.008
07-Feb-22,15:17:53,0.992
07-Feb-22,12:12:01,1.1
07-Feb-22,0:07:27,0.906
07-Feb-22,4:43:11,0.992
07-Feb-22,23:19:04,0.95
07-Feb-22,11:28:16,0.956
07-Feb-22,3:38:34,0.974
07-Feb-22,16:42:30,0.938
07-Feb-22,10:24:45,1.024
07-Feb-22,0:49:30,0.96
07-Feb-22,14:37:43,0.97
07-Feb-22,20:10:48,0.954
07-Feb-22,5:24:03,0.884
07-Feb-22,21:16:13,1.064
07-Feb-22,17:44:28,0.968
07-Feb-22,9:42:03,0.916
07-Feb-22,13:56:01,0.944
07-Feb-22,10:03:03,0.976
07-Feb-22,6:08:43,1.028
07-Feb-22,4:01:00,1.04
07-Feb-22,13:15:20,0.95
07-Feb-22,22:36:36,0.868
07-Feb-22,2:12:50,0.974
07-Feb-22,8:00:22,1.05
07-Feb-22,11:48:35,0.96
07-Feb-22,14:56:26,0.856
07-Feb-22,18:47:13,0.99
07-Feb-22,21:36:22,0.946
07-Feb-22,20:53:57,0.976
07-Feb-22,6:30:45,1.03
07-Feb-22,17:04:03,1.002
07-Feb-22,13:36:08,0.966
08-Feb-22,13:55:21,2.36
08-Feb-22,1:45:35,0.878
08-Feb-22,12:06:35,3.104
08-Feb-22,17:44:12,3.928
08-Feb-22,9:21:07,8.036
08-Feb-22,5:31:55,0.986
08-Feb-22,21:33:52,6.296
08-Feb-22,20:30:36,6.184
08-Feb-22,23:38:53,4.968
08-Feb-22,11:04:09,9.054
08-Feb-22,7:57:00,0.936
08-Feb-22,4:09:13,0.892
08-Feb-22,0:01:54,1.024
08-Feb-22,5:10:09,0.93
08-Feb-22,8:40:10,8.722
08-Feb-22,19:06:59,4.99
08-Feb-22,22:15:30,6.016
08-Feb-22,2:07:44,1.026
08-Feb-22,16:00:43,1.768
08-Feb-22,7:36:44,0.976
08-Feb-22,1:06:31,2.1
08-Feb-22,16:21:03,1.476
08-Feb-22,23:58:57,0.926
08-Feb-22,20:07:55,5.568
08-Feb-22,17:23:45,2.362
08-Feb-22,14:16:29,2.098
08-Feb-22,7:16:09,0.972
08-Feb-22,10:21:13,5.512
08-Feb-22,2:46:23,0.884
08-Feb-22,21:12:38,6.414
08-Feb-22,19:47:36,4.542
08-Feb-22,22:55:09,6.51
08-Feb-22,14:57:52,1.878
08-Feb-22,12:28:39,2.128
08-Feb-22,8:59:56,8.872
08-Feb-22,17:02:09,3.31
08-Feb-22,3:29:00,0.936
08-Feb-22,11:46:47,1.704
08-Feb-22,8:20:16,6.134
08-Feb-22,1:26:28,0.928
08-Feb-22,20:51:58,6.25
08-Feb-22,21:54:14,5.824
08-Feb-22,4:30:20,0.974
08-Feb-22,14:38:47,1.038
08-Feb-22,18:05:40,4.396
08-Feb-22,11:27:02,3.226
08-Feb-22,15:18:18,1.444
08-Feb-22,13:13:32,1.616
08-Feb-22,2:27:21,0.88
08-Feb-22,4:50:16,0.912
08-Feb-22,18:26:04,2.814
08-Feb-22,15:39:18,1.6
08-Feb-22,12:51:37,1.924
08-Feb-22,18:45:46,4.12
08-Feb-22,5:51:36,0.91
08-Feb-22,3:08:45,1.06
08-Feb-22,9:41:35,6.76
08-Feb-22,23:16:42,6.166
08-Feb-22,6:13:51,1.046
08-Feb-22,3:49:40,0.956
08-Feb-22,13:33:22,1.614
08-Feb-22,6:55:16,0.884
08-Feb-22,0:21:25,0.888
08-Feb-22,19:26:24,4.578
08-Feb-22,16:41:27,2.636
08-Feb-22,22:34:40,5.056
08-Feb-22,6:35:29,1.01
08-Feb-22,10:01:12,5.392
09-Feb-22,9:35:10,1
09-Feb-22,6:10:07,0.92
09-Feb-22,2:20:41,0.964
09-Feb-22,17:57:01,1.07
09-Feb-22,13:33:46,0.984
09-Feb-22,16:05:30,1.022
09-Feb-22,3:47:57,1.002
09-Feb-22,10:59:33,1.016
09-Feb-22,22:37:54,1.066
09-Feb-22,20:48:42,1.964
09-Feb-22,17:34:26,1.006
09-Feb-22,12:05:34,2.122
09-Feb-22,22:59:07,0.962
09-Feb-22,6:30:26,0.946
09-Feb-22,1:39:10,0.914
09-Feb-22,19:01:04,1.002
09-Feb-22,7:31:28,0.956
09-Feb-22,4:08:31,0.944
09-Feb-22,22:15:39,0.976
09-Feb-22,21:54:21,0.944
09-Feb-22,15:01:17,1.038
09-Feb-22,12:29:08,1.07
09-Feb-22,1:59:45,0.968
09-Feb-22,8:54:20,1.016
09-Feb-22,5:30:20,0.904
09-Feb-22,0:19:16,0.946
09-Feb-22,10:37:46,0.936
09-Feb-22,18:39:14,1.956
09-Feb-22,5:50:29,0.932
09-Feb-22,21:34:21,1.056
09-Feb-22,5:10:35,0.956
09-Feb-22,1:18:37,0.918
09-Feb-22,21:11:38,1.084
09-Feb-22,10:17:28,0.994
09-Feb-22,16:49:37,1.004
09-Feb-22,8:33:20,0.964
09-Feb-22,4:49:28,0.932
09-Feb-22,0:38:57,0.91
09-Feb-22,0:38:57,0.91
09-Feb-22,14:38:49,2.01
09-Feb-22,8:12:13,0.958
09-Feb-22,4:29:38,0.954
09-Feb-22,20:06:14,1.012
09-Feb-22,7:50:57,0.906
09-Feb-22,0:59:05,0.922
09-Feb-22,11:20:12,0.984
09-Feb-22,17:12:19,1.076
09-Feb-22,9:56:33,0.988
09-Feb-22,6:50:40,0.938
09-Feb-22,3:01:27,1.774
09-Feb-22,15:43:57,0.928
09-Feb-22,13:12:05,0.934
09-Feb-22,7:10:51,0.916
09-Feb-22,3:26:13,1.138
09-Feb-22,19:44:50,2.038
09-Feb-22,16:27:27,1.02
09-Feb-22,13:55:32,1.04
09-Feb-22,23:39:20,1.904
09-Feb-22,15:23:44,1.046
09-Feb-22,12:51:53,1.096
09-Feb-22,9:13:50,0.896
09-Feb-22,23:59:55,0.96
10-Feb-22,17:55:23,2.54
10-Feb-22,8:03:35,1.524
10-Feb-22,4:32:15,1.002
10-Feb-22,0:21:17,0.98
10-Feb-22,11:34:27,15.456
10-Feb-22,14:20:48,0.912
10-Feb-22,8:46:09,9.112
10-Feb-22,4:10:46,0.952
10-Feb-22,21:30:03,5.968
10-Feb-22,17:31:18,2.888
10-Feb-22,19:21:02,4.426
10-Feb-22,15:04:27,2.59
10-Feb-22,7:20:43,1.012
10-Feb-22,2:26:03,0.988
10-Feb-22,2:48:38,1.06
10-Feb-22,20:27:38,6.512
10-Feb-22,11:53:23,4.006
10-Feb-22,15:46:11,1.014
10-Feb-22,13:41:10,1.832
10-Feb-22,3:50:34,0.888
10-Feb-22,6:59:19,0.996
10-Feb-22,10:32:58,6.468
10-Feb-22,12:59:03,7.852
10-Feb-22,9:50:33,7.136
10-Feb-22,5:13:39,0.918
10-Feb-22,16:05:41,0.904
10-Feb-22,18:40:07,3.664
10-Feb-22,5:34:40,0.968
10-Feb-22,10:09:49,5.76
10-Feb-22,0:41:03,0.92
10-Feb-22,22:57:45,6.57
10-Feb-22,19:43:36,4.694
10-Feb-22,1:42:13,1.912
10-Feb-22,5:55:55,0.96
10-Feb-22,9:27:36,8.056
10-Feb-22,8:25:35,9.708
10-Feb-22,3:10:04,0.98
10-Feb-22,20:03:45,5.376
10-Feb-22,14:01:03,1.88
10-Feb-22,23:42:05,6.296
10-Feb-22,21:50:25,5.382
10-Feb-22,18:19:02,3.498
10-Feb-22,6:37:24,0.976
10-Feb-22,2:04:12,1.032
10-Feb-22,23:17:42,6.116
10-Feb-22,17:08:18,1.304
10-Feb-22,20:48:49,5.968
10-Feb-22,13:21:20,3.788
10-Feb-22,16:47:37,1.416
10-Feb-22,22:33:26,5.694
10-Feb-22,22:13:53,6.894
10-Feb-22,16:25:28,0.932
10-Feb-22,12:14:49,3.558
10-Feb-22,7:42:45,1.008
10-Feb-22,3:30:54,0.972
10-Feb-22,19:00:40,4.094
10-Feb-22,15:24:16,0.928
10-Feb-22,6:16:09,0.952
10-Feb-22,9:08:03,8.692
10-Feb-22,21:09:30,5.4
10-Feb-22,1:00:26,0.896
10-Feb-22,4:54:13,0.992
11-Feb-22,18:56:16,4.962
11-Feb-22,11:13:28,2.188
11-Feb-22,2:54:38,0.944
11-Feb-22,7:33:27,0.984
11-Feb-22,21:49:52,5.096
11-Feb-22,13:23:06,1.776
11-Feb-22,3:34:17,0.908
11-Feb-22,11:35:40,1.912
11-Feb-22,7:55:40,8.144
11-Feb-22,6:30:42,1.096
11-Feb-22,1:07:03,0.966
11-Feb-22,23:41:37,2.908
11-Feb-22,18:11:05,4.808
11-Feb-22,14:53:15,2.064
11-Feb-22,10:50:31,3.306
11-Feb-22,0:46:10,0.962
11-Feb-22,6:50:50,0.924
11-Feb-22,21:06:26,4.702
11-Feb-22,1:50:25,0.97
11-Feb-22,10:28:01,4.074
11-Feb-22,14:08:27,1.048
11-Feb-22,22:12:36,5.338
11-Feb-22,22:34:06,5.938
11-Feb-22,19:18:13,6.03
11-Feb-22,15:37:06,0.962
11-Feb-22,3:53:46,0.9
11-Feb-22,7:12:28,1
11-Feb-22,20:22:41,7
11-Feb-22,2:12:19,1
11-Feb-22,9:23:06,5.178
11-Feb-22,2:34:22,1.018
11-Feb-22,5:21:41,1.184
11-Feb-22,17:48:28,3.688
11-Feb-22,12:38:47,2.002
11-Feb-22,3:14:34,0.896
11-Feb-22,13:45:49,1.052
11-Feb-22,16:41:14,1.986
11-Feb-22,9:02:50,6.62
11-Feb-22,4:56:10,0.978
11-Feb-22,21:28:40,5.906
11-Feb-22,13:00:19,1.014
11-Feb-22,18:33:24,4.852
11-Feb-22,15:58:06,1.002
11-Feb-22,10:06:17,5.276
11-Feb-22,1:28:59,1.022
11-Feb-22,4:34:26,0.924
11-Feb-22,20:02:16,11.244
11-Feb-22,17:26:40,1.864
11-Feb-22,20:43:36,6.868
11-Feb-22,23:19:25,6.204
11-Feb-22,9:44:03,4.818
11-Feb-22,0:01:52,0.9
11-Feb-22,4:14:48,0.974
11-Feb-22,6:07:11,1.048
11-Feb-22,17:03:54,1.074
11-Feb-22,22:57:01,5.92
11-Feb-22,8:41:11,15.416
11-Feb-22,5:44:04,1.044
11-Feb-22,0:25:01,1.058
11-Feb-22,15:16:00,1.08
11-Feb-22,11:55:53,3.316
12-Feb-22,13:45:43,0.984
12-Feb-22,13:24:10,0.882
12-Feb-22,12:42:34,1.004
12-Feb-22,13:04:20,0.992
12-Feb-22,14:06:14,0.924
12-Feb-22,14:26:02,0.914
12-Feb-22,15:05:46,0.844
12-Feb-22,14:47:07,0.964
12-Feb-22,15:26:01,0.9
12-Feb-22,20:29:13,0.898
12-Feb-22,20:50:11,0.956
12-Feb-22,19:28:19,0.896
12-Feb-22,20:09:34,1.898
12-Feb-22,21:50:33,0.936
12-Feb-22,22:10:37,0.932
12-Feb-22,21:29:42,0.848
12-Feb-22,21:10:55,0.96
12-Feb-22,22:31:00,0.914
12-Feb-22,17:46:38,2.89
12-Feb-22,18:07:02,0.916
12-Feb-22,18:27:15,0.896
12-Feb-22,19:07:52,1.826
12-Feb-22,16:41:49,1.508
12-Feb-22,16:07:37,0.852
12-Feb-22,15:48:14,1.036
12-Feb-22,23:10:50,0.904
12-Feb-22,22:51:14,0.942
12-Feb-22,23:30:59,0.902
12-Feb-22,23:51:55,0.95
12-Feb-22,3:15:54,0.952
12-Feb-22,0:47:09,1
12-Feb-22,0:25:26,1.014
12-Feb-22,0:03:07,0.996
12-Feb-22,1:28:06,0.988
12-Feb-22,1:06:31,0.882
12-Feb-22,1:49:02,0.968
12-Feb-22,2:11:24,1.05
12-Feb-22,2:54:48,1.036
12-Feb-22,2:32:33,0.962
12-Feb-22,7:34:36,0.984
12-Feb-22,6:51:57,1.1
12-Feb-22,7:12:48,0.986
12-Feb-22,9:04:20,1.06
12-Feb-22,8:41:06,1.074
12-Feb-22,7:56:58,1.036
12-Feb-22,8:17:58,0.986
12-Feb-22,9:26:22,1.038
12-Feb-22,6:28:10,1.02
12-Feb-22,5:01:37,0.99
12-Feb-22,5:23:02,1.006
12-Feb-22,5:43:05,0.898
12-Feb-22,6:05:36,1.066
12-Feb-22,4:18:29,0.992
12-Feb-22,4:40:04,0.986
12-Feb-22,3:57:17,0.936
12-Feb-22,3:36:57,0.964
12-Feb-22,12:20:45,1.016
12-Feb-22,11:14:53,1.012
12-Feb-22,10:52:30,1.082
12-Feb-22,11:37:13,1.028
12-Feb-22,11:58:25,0.996
12-Feb-22,10:29:27,0.99
12-Feb-22,9:46:43,0.932
12-Feb-22,10:08:01,0.97
13-Feb-22,11:37:28,4.03
13-Feb-22,8:30:46,15.106
13-Feb-22,4:42:59,0.968
13-Feb-22,2:14:39,0.874
13-Feb-22,20:55:49,5.92
13-Feb-22,22:21:19,6.816
13-Feb-22,4:22:19,0.944
13-Feb-22,11:16:38,8.896
13-Feb-22,13:42:39,0.964
13-Feb-22,14:24:17,1.02
13-Feb-22,7:48:20,0.942
13-Feb-22,4:01:12,1.13
13-Feb-22,23:02:56,6.384
13-Feb-22,21:39:40,5.9
13-Feb-22,23:23:35,5.76
13-Feb-22,2:34:27,0.916
13-Feb-22,9:30:04,6.76
13-Feb-22,15:52:00,1.02
13-Feb-22,16:32:40,0.86
13-Feb-22,10:10:19,10.516
13-Feb-22,13:21:45,0.928
13-Feb-22,13:21:45,0.928
13-Feb-22,6:25:36,0.93
13-Feb-22,5:03:08,0.942
13-Feb-22,22:40:45,5.944
13-Feb-22,15:07:03,1.016
13-Feb-22,12:40:51,3.144
13-Feb-22,9:09:56,6.808
13-Feb-22,6:04:58,0.952
13-Feb-22,3:16:36,0.916
13-Feb-22,22:00:17,5.712
13-Feb-22,8:49:38,8.102
13-Feb-22,11:58:17,2.896
13-Feb-22,5:23:27,0.916
13-Feb-22,2:56:55,1.024
13-Feb-22,21:16:49,5.292
13-Feb-22,18:44:54,1.282
13-Feb-22,3:36:51,0.922
13-Feb-22,10:32:10,5.152
13-Feb-22,7:27:49,0.97
13-Feb-22,19:29:11,5.276
13-Feb-22,15:30:04,1.084
13-Feb-22,15:30:04,1.084
13-Feb-22,20:34:55,5.14
13-Feb-22,6:46:03,0.964
13-Feb-22,1:12:48,0.9
13-Feb-22,17:39:23,3.088
13-Feb-22,14:02:42,0.94
13-Feb-22,7:06:11,0.93
13-Feb-22,0:32:34,1.888
13-Feb-22,16:13:39,1.012
13-Feb-22,0:53:05,0.936
13-Feb-22,14:44:43,0.944
13-Feb-22,18:23:40,2.046
13-Feb-22,13:01:30,2.46
13-Feb-22,5:44:12,0.962
13-Feb-22,20:12:58,4.01
13-Feb-22,1:55:09,1.93
13-Feb-22,19:51:18,2.626
13-Feb-22,12:18:46,2.93
13-Feb-22,23:43:28,5.724
14-Feb-22,7:59:32,7.21
14-Feb-22,7:59:32,7.21
14-Feb-22,3:29:23,1.828
14-Feb-22,15:40:49,1.74
14-Feb-22,18:31:28,1.11
14-Feb-22,11:48:47,2.898
14-Feb-22,12:50:58,3.432
14-Feb-22,21:19:09,8
14-Feb-22,23:02:09,9.132
14-Feb-22,5:11:58,1.844
14-Feb-22,1:44:46,0.96
14-Feb-22,10:46:34,4.908
14-Feb-22,12:30:05,2.516
14-Feb-22,6:12:32,4.994
14-Feb-22,21:40:23,4.444
14-Feb-22,20:37:55,4.056
14-Feb-22,17:46:27,0.892
14-Feb-22,11:29:19,4.34
14-Feb-22,14:58:43,2.088
14-Feb-22,6:56:24,2.21
14-Feb-22,17:27:23,0.97
14-Feb-22,12:10:19,4.058
14-Feb-22,14:38:02,1.802
14-Feb-22,0:44:03,0.938
14-Feb-22,23:43:43,4.872
14-Feb-22,1:23:50,0.912
14-Feb-22,19:13:00,2.318
14-Feb-22,16:43:40,0.922
14-Feb-22,13:34:58,2.248
14-Feb-22,10:06:56,5.674
14-Feb-22,4:51:07,1.796
14-Feb-22,1:04:22,0.956
14-Feb-22,23:22:29,3.504
14-Feb-22,20:15:49,3.462
14-Feb-22,6:33:39,2.034
14-Feb-22,2:48:47,0.952
14-Feb-22,7:39:35,5.736
14-Feb-22,4:30:41,1.738
14-Feb-22,4:10:47,0.928
14-Feb-22,0:23:13,3.588
14-Feb-22,10:26:41,4.61
14-Feb-22,18:52:58,2.718
14-Feb-22,22:21:29,3.876
14-Feb-22,17:06:09,1.056
14-Feb-22,5:31:25,1.748
14-Feb-22,22:01:25,4.48
14-Feb-22,19:55:59,6.314
14-Feb-22,14:16:36,5.526
14-Feb-22,3:09:00,1.672
14-Feb-22,9:04:36,7.878
14-Feb-22,0:02:27,4.694
14-Feb-22,3:51:16,2.058
14-Feb-22,7:18:23,2.098
14-Feb-22,9:45:17,11.83
14-Feb-22,18:07:11,0.974
14-Feb-22,15:20:12,2.276
14-Feb-22,8:43:14,7.424
14-Feb-22,13:13:34,4.052
14-Feb-22,2:28:09,1.956
14-Feb-22,11:08:38,5.004
14-Feb-22,16:23:59,2.004
14-Feb-22,8:20:52,7.89
14-Feb-22,2:05:59,0.988
15-Feb-22,22:48:07,4.908
15-Feb-22,17:33:30,2.522
15-Feb-22,14:47:24,1.926
15-Feb-22,1:27:50,1.516
15-Feb-22,4:19:58,2.866
15-Feb-22,9:12:02,3.176
15-Feb-22,8:51:45,3.888
15-Feb-22,2:51:09,2.112
15-Feb-22,5:43:39,2.566
15-Feb-22,17:56:10,3.858
15-Feb-22,21:02:46,5.246
15-Feb-22,12:03:03,3.352
15-Feb-22,8:09:07,3.604
15-Feb-22,3:57:41,2.058
15-Feb-22,19:36:05,5.34
15-Feb-22,1:07:34,1.004
15-Feb-22,4:40:35,1.856
15-Feb-22,18:15:59,3.226
15-Feb-22,21:23:14,5.44
15-Feb-22,9:33:55,1.056
15-Feb-22,7:05:01,3.08
15-Feb-22,11:40:59,2.166
15-Feb-22,15:08:14,1.856
15-Feb-22,14:05:19,2.156
15-Feb-22,0:24:31,4.068
15-Feb-22,20:22:07,5.896
15-Feb-22,23:09:13,5.508
15-Feb-22,11:20:37,2.03
15-Feb-22,14:28:31,3.394
15-Feb-22,8:30:27,3.706
15-Feb-22,20:43:13,6.386
15-Feb-22,20:43:13,6.386
15-Feb-22,23:50:31,5.234
15-Feb-22,18:55:24,4.554
15-Feb-22,16:34:16,0.984
15-Feb-22,16:34:16,0.984
15-Feb-22,3:33:27,1.772
15-Feb-22,10:36:51,1
15-Feb-22,7:24:26,2.04
15-Feb-22,22:25:47,4.796
15-Feb-22,10:15:42,0.916
15-Feb-22,16:12:44,2.896
15-Feb-22,6:24:07,2.252
15-Feb-22,9:55:21,1.028
15-Feb-22,2:28:26,1.74
15-Feb-22,6:43:53,2.248
15-Feb-22,13:44:02,1.94
15-Feb-22,16:53:38,2.548
15-Feb-22,15:52:00,1.578
15-Feb-22,13:01:22,3.738
15-Feb-22,1:48:48,1.584
15-Feb-22,5:24:11,2.61
15-Feb-22,2:08:52,1.724
15-Feb-22,19:16:26,4.904
15-Feb-22,12:24:25,2.19
15-Feb-22,22:04:22,6.326
15-Feb-22,7:47:39,2.986
15-Feb-22,0:02:23,3.424
15-Feb-22,17:14:25,3.46
15-Feb-22,19:58:14,5.618
15-Feb-22,23:28:51,4.914
15-Feb-22,6:03:45,1.92
15-Feb-22,3:13:36,1.916
15-Feb-22,18:35:23,3.522
15-Feb-22,13:22:39,1.984
15-Feb-22,0:45:48,1.92
15-Feb-22,21:42:49,6.404
15-Feb-22,15:30:16,1.964
15-Feb-22,5:02:26,1.944
16-Feb-22,15:33:13,1.042
16-Feb-22,10:01:48,3.832
16-Feb-22,11:22:32,1.78
16-Feb-22,8:36:09,5.474
16-Feb-22,20:21:23,0.204
16-Feb-22,23:28:50,4.874
16-Feb-22,6:09:21,3.234
16-Feb-22,2:36:54,1.93
16-Feb-22,12:01:31,0.908
16-Feb-22,14:30:50,0.974
16-Feb-22,12:44:49,0.936
16-Feb-22,1:34:50,1.408
16-Feb-22,5:25:23,1.868
16-Feb-22,8:57:55,5.41
16-Feb-22,2:58:46,1.79
16-Feb-22,14:09:46,0.902
16-Feb-22,21:03:21,3.882
16-Feb-22,10:40:24,1.22
16-Feb-22,7:55:27,5.268
16-Feb-22,4:45:37,3.052
16-Feb-22,1:12:56,1.088
16-Feb-22,1:12:56,1.088
16-Feb-22,19:00:50,3.164
16-Feb-22,7:15:33,2.104
16-Feb-22,11:01:04,0.944
16-Feb-22,15:53:11,0.944
16-Feb-22,18:00:07,7.982
16-Feb-22,9:37:54,3.286
16-Feb-22,14:50:28,0.928
16-Feb-22,5:46:01,1.774
16-Feb-22,3:18:24,1.812
16-Feb-22,21:22:39,4.236
16-Feb-22,22:48:34,4.802
16-Feb-22,20:01:43,0.096
16-Feb-22,11:41:39,0.876
16-Feb-22,0:10:04,4.626
16-Feb-22,3:42:03,2
16-Feb-22,13:29:25,1.072
16-Feb-22,16:56:20,1.858
16-Feb-22,8:15:42,4.95
16-Feb-22,2:14:49,1.716
16-Feb-22,5:04:48,1.72
16-Feb-22,20:42:07,3.866
16-Feb-22,23:09:17,4.984
16-Feb-22,6:53:10,2.012
16-Feb-22,1:55:14,1.236
16-Feb-22,18:39:53,1.812
16-Feb-22,15:10:41,0.926
16-Feb-22,12:24:13,1.088
16-Feb-22,0:29:59,3.612
16-Feb-22,9:18:03,4.774
16-Feb-22,4:03:37,1.848
16-Feb-22,21:42:39,4.028
16-Feb-22,18:19:36,0.898
16-Feb-22,6:30:38,2.132
16-Feb-22,23:49:35,4.662
16-Feb-22,13:50:20,0.946
16-Feb-22,19:40:34,2.676
16-Feb-22,22:25:40,4.42
16-Feb-22,10:20:39,1.99
16-Feb-22,16:14:51,1.014
16-Feb-22,4:23:46,1.796
16-Feb-22,7:36:54,3.812
16-Feb-22,0:49:55,0.918
16-Feb-22,13:06:25,1.008
16-Feb-22,16:35:27,0.958
16-Feb-22,19:21:29,2.352
16-Feb-22,22:03:53,4.15
17-Feb-22,21:56:03,5.266
17-Feb-22,19:04:41,4.556
17-Feb-22,19:04:41,4.556
17-Feb-22,7:24:23,2.098
17-Feb-22,5:16:04,1.76
17-Feb-22,1:34:41,1.02
17-Feb-22,9:36:34,4.652
17-Feb-22,13:48:27,1.012
17-Feb-22,16:59:19,0.94
17-Feb-22,1:12:25,0.924
17-Feb-22,18:20:52,1.928
17-Feb-22,3:14:19,0.94
17-Feb-22,6:41:42,2.612
17-Feb-22,15:59:31,1.112
17-Feb-22,9:57:26,3.818
17-Feb-22,12:46:52,0.974
17-Feb-22,16:38:39,0.896
17-Feb-22,13:26:59,0.966
17-Feb-22,20:12:28,10.15
17-Feb-22,9:14:38,5.386
17-Feb-22,0:53:11,1.018
17-Feb-22,0:53:11,0
17-Feb-22,22:56:00,6.328
17-Feb-22,18:43:12,4.076
17-Feb-22,15:35:30,0.94
17-Feb-22,8:09:18,7.314
17-Feb-22,10:16:37,3.042
17-Feb-22,1:54:07,0.878
17-Feb-22,6:17:25,2.232
17-Feb-22,13:06:10,0.864
17-Feb-22,23:15:39,5.804
17-Feb-22,15:15:02,0.966
17-Feb-22,12:25:50,0.942
17-Feb-22,5:37:13,1.726
17-Feb-22,11:22:17,0.988
17-Feb-22,14:32:04,1.124
17-Feb-22,0:11:41,4.118
17-Feb-22,4:14:27,3.446
17-Feb-22,22:35:27,6.3
17-Feb-22,2:54:11,1.66
17-Feb-22,7:02:04,1.86
17-Feb-22,21:16:19,5.968
17-Feb-22,18:00:31,1.93
17-Feb-22,14:54:30,1.046
17-Feb-22,8:31:33,5.826
17-Feb-22,3:33:48,1.518
17-Feb-22,16:19:36,0.912
17-Feb-22,19:29:01,5.072
17-Feb-22,10:38:52,2.456
17-Feb-22,2:33:44,0.9
17-Feb-22,2:14:04,0.946
17-Feb-22,21:36:23,5.114
17-Feb-22,23:35:42,7.512
17-Feb-22,20:54:35,6.562
17-Feb-22,12:05:32,1.096
17-Feb-22,14:07:52,0.89
17-Feb-22,8:50:23,5.008
17-Feb-22,5:57:23,1.904
17-Feb-22,4:34:25,1.504
17-Feb-22,7:44:23,6.044
17-Feb-22,11:00:51,2.152
17-Feb-22,22:15:52,6.12
17-Feb-22,20:32:00,4.376
17-Feb-22,23:58:16,5.418
17-Feb-22,17:18:27,1.758
17-Feb-22,11:42:01,0.92
17-Feb-22,4:56:07,1.398
17-Feb-22,0:30:29,1.968
18-Feb-22,3:08:16,1.204
18-Feb-22,7:20:45,7.352
18-Feb-22,21:17:50,5.076
18-Feb-22,15:00:31,1.032
18-Feb-22,0:41:28,0.976
18-Feb-22,21:58:23,5.252
18-Feb-22,4:31:29,1.708
18-Feb-22,1:03:32,1.016
18-Feb-22,8:22:25,6.628
18-Feb-22,13:32:52,1.076
18-Feb-22,11:06:22,3.068
18-Feb-22,20:34:27,3.84
18-Feb-22,23:42:38,3.2
18-Feb-22,12:29:02,1.036
18-Feb-22,8:41:23,6.916
18-Feb-22,5:12:29,1.848
18-Feb-22,1:45:28,0.876
18-Feb-22,11:27:32,3.248
18-Feb-22,3:47:54,1.47
18-Feb-22,15:19:48,0.92
18-Feb-22,13:56:40,1.108
18-Feb-22,9:23:28,6.048
18-Feb-22,5:34:04,0.982
18-Feb-22,3:27:51,1.188
18-Feb-22,16:21:16,0.888
18-Feb-22,19:09:33,2.86
18-Feb-22,22:41:19,10.8
18-Feb-22,20:54:41,5.064
18-Feb-22,12:48:46,0.94
18-Feb-22,9:42:47,5.312
18-Feb-22,6:18:16,1.752
18-Feb-22,19:32:22,4.732
18-Feb-22,2:47:47,0.976
18-Feb-22,4:53:28,1.64
18-Feb-22,14:17:11,0.964
18-Feb-22,17:03:57,0.976
18-Feb-22,10:03:27,5.9
18-Feb-22,6:37:50,3.344
18-Feb-22,4:08:42,0.956
18-Feb-22,21:37:37,5.032
18-Feb-22,15:41:16,1.004
18-Feb-22,13:10:01,0.984
18-Feb-22,8:01:37,14.976
18-Feb-22,18:28:20,8.436
18-Feb-22,18:49:02,2.696
18-Feb-22,1:26:15,1.068
18-Feb-22,14:38:07,0.96
18-Feb-22,6:59:43,8.752
18-Feb-22,12:06:37,0.892
18-Feb-22,9:02:30,6.196
18-Feb-22,5:56:15,1.724
18-Feb-22,23:23:13,5.488
18-Feb-22,23:03:36,5.532
18-Feb-22,20:15:43,4.532
18-Feb-22,11:47:28,0.928
18-Feb-22,2:26:32,0.948
18-Feb-22,19:54:19,3.752
18-Feb-22,10:45:38,9.332
18-Feb-22,16:01:44,0.964
18-Feb-22,2:06:17,0.964
18-Feb-22,16:43:23,1.044
18-Feb-22,0:19:58,3.066
19-Feb-22,6:21:15,1.032
19-Feb-22,2:53:24,1.072
19-Feb-22,14:07:48,1.92
19-Feb-22,8:03:44,0.972
19-Feb-22,5:15:47,0.888
19-Feb-22,21:12:39,0.864
19-Feb-22,21:55:59,1.032
19-Feb-22,15:19:34,1.124
19-Feb-22,18:27:31,1.172
19-Feb-22,11:36:28,0.944
19-Feb-22,0:25:39,0.992
19-Feb-22,4:56:17,1.004
19-Feb-22,0:44:56,0.892
19-Feb-22,8:25:06,1.012
19-Feb-22,16:00:13,0.936
19-Feb-22,22:15:49,0.912
19-Feb-22,19:10:27,0.876
19-Feb-22,14:30:19,1.012
19-Feb-22,5:36:59,0.956
19-Feb-22,5:36:59,0.956
19-Feb-22,2:07:07,0.976
19-Feb-22,17:42:18,1.808
19-Feb-22,7:22:24,0.948
19-Feb-22,10:49:51,0.928
19-Feb-22,18:01:27,0.856
19-Feb-22,21:33:18,0.948
19-Feb-22,1:46:01,0.952
19-Feb-22,7:42:29,0.912
19-Feb-22,11:15:40,1.168
19-Feb-22,14:54:44,1.132
19-Feb-22,1:04:23,0.876
19-Feb-22,4:14:38,0.9
19-Feb-22,15:39:37,0.904
19-Feb-22,19:53:33,1.024
19-Feb-22,23:43:24,1.028
19-Feb-22,22:57:31,0.984
19-Feb-22,9:07:14,0.896
19-Feb-22,3:14:31,0.96
19-Feb-22,5:58:19,1
19-Feb-22,17:02:32,1.02
19-Feb-22,13:25:22,0.996
19-Feb-22,9:28:21,0.948
19-Feb-22,4:34:41,0.92
19-Feb-22,1:24:39,0.944
19-Feb-22,20:12:25,0.868
19-Feb-22,16:40:06,0.916
19-Feb-22,13:03:23,1.02
19-Feb-22,9:49:57,1.016
19-Feb-22,23:20:48,1.088
19-Feb-22,19:30:28,0.92
19-Feb-22,12:40:48,2.956
19-Feb-22,8:47:30,1.032
19-Feb-22,3:54:56,0.948
19-Feb-22,7:01:29,0.956
19-Feb-22,3:34:10,0.912
19-Feb-22,0:04:16,2.48
19-Feb-22,16:19:36,0.872
19-Feb-22,10:29:35,0.9
19-Feb-22,20:53:32,1.876
19-Feb-22,10:10:16,0.928
19-Feb-22,6:41:10,0.912
19-Feb-22,2:30:12,1.072
19-Feb-22,22:35:27,0.892
19-Feb-22,18:50:46,1.072
20-Feb-22,5:38:41,0.968
20-Feb-22,21:32:10,2.38
20-Feb-22,17:45:49,0.944
20-Feb-22,9:45:54,4.352
20-Feb-22,6:19:03,0.956
20-Feb-22,1:46:02,1.868
20-Feb-22,16:03:54,0.896
20-Feb-22,12:14:27,0.972
20-Feb-22,18:45:40,0.94
20-Feb-22,5:58:00,0.916
20-Feb-22,2:48:28,0.888
20-Feb-22,9:06:00,5.408
20-Feb-22,15:03:28,0.916
20-Feb-22,13:59:46,0.928
20-Feb-22,19:29:54,2.304
20-Feb-22,6:39:39,0.948
20-Feb-22,10:29:12,3.972
20-Feb-22,3:32:48,1.06
20-Feb-22,22:52:47,4.844
20-Feb-22,9:26:09,5.204
20-Feb-22,5:17:22,0.916
20-Feb-22,12:56:49,1.004
20-Feb-22,10:05:46,3.432
20-Feb-22,0:02:34,0.872
20-Feb-22,3:51:23,0.856
20-Feb-22,15:23:39,0.936
20-Feb-22,0:42:26,0.888
20-Feb-22,4:33:54,1.924
20-Feb-22,22:11:46,2.696
20-Feb-22,8:24:51,5.212
20-Feb-22,2:07:10,0.972
20-Feb-22,17:25:55,1.956
20-Feb-22,14:44:10,1.044
20-Feb-22,11:33:59,1.384
20-Feb-22,8:05:01,7.424
20-Feb-22,16:43:50,0.9
20-Feb-22,13:38:59,1.972
20-Feb-22,11:11:48,2.488
20-Feb-22,23:32:52,5.124
20-Feb-22,20:29:54,2.792
20-Feb-22,20:08:45,2.84
20-Feb-22,22:32:51,3.756
20-Feb-22,16:24:25,0.956
20-Feb-22,7:41:54,6.212
20-Feb-22,0:23:03,0.94
20-Feb-22,18:06:01,0.932
20-Feb-22,11:53:27,1.7
20-Feb-22,4:57:14,1.068
20-Feb-22,8:45:10,5.38
20-Feb-22,21:10:23,2.112
20-Feb-22,2:28:59,1.012
20-Feb-22,20:51:38,3.584
20-Feb-22,23:12:46,4.916
20-Feb-22,19:06:06,2.088
20-Feb-22,14:21:14,1.012
20-Feb-22,7:00:42,0.992
20-Feb-22,1:04:49,1.028
20-Feb-22,21:52:03,3.956
20-Feb-22,18:26:13,0.936
20-Feb-22,15:44:02,0.96
20-Feb-22,12:34:51,0.96
20-Feb-22,10:50:42,2.16
20-Feb-22,7:21:17,3.692
20-Feb-22,3:10:05,0.964
20-Feb-22,19:48:58,2.824
20-Feb-22,23:53:09,2.968
21-Feb-22,12:22:47,0.928
21-Feb-22,9:14:17,6.02
21-Feb-22,15:09:26,0.968
21-Feb-22,21:47:16,4.136
21-Feb-22,18:58:34,2.132
21-Feb-22,23:56:50,3.172
21-Feb-22,10:40:23,2.156
21-Feb-22,15:30:09,0.968
21-Feb-22,12:43:46,0.976
21-Feb-22,7:28:11,6.84
21-Feb-22,20:23:47,3.076
21-Feb-22,11:42:49,1.88
21-Feb-22,16:54:49,0.92
21-Feb-22,14:28:46,0.996
21-Feb-22,15:49:50,0.936
21-Feb-22,0:14:59,1.028
21-Feb-22,18:15:51,1.868
21-Feb-22,21:25:41,4.56
21-Feb-22,14:48:25,0.924
21-Feb-22,10:19:38,4.372
21-Feb-22,22:28:26,4.924
21-Feb-22,19:20:26,3.244
21-Feb-22,12:02:57,0.928
21-Feb-22,8:54:07,6.368
21-Feb-22,8:10:54,7.16
21-Feb-22,11:23:07,1.972
21-Feb-22,14:06:59,0.96
21-Feb-22,9:35:35,5.324
21-Feb-22,16:35:09,1.076
21-Feb-22,19:40:36,3.728
21-Feb-22,9:55:26,4.54
21-Feb-22,17:35:47,0.924
21-Feb-22,13:27:33,1.112
21-Feb-22,23:33:27,10.808
21-Feb-22,21:04:28,9.356
21-Feb-22,17:15:56,0.984
21-Feb-22,7:48:42,7.088
21-Feb-22,13:46:37,0.872
21-Feb-22,11:01:01,3.436
21-Feb-22,8:32:30,6.748
21-Feb-22,22:50:05,4.964
21-Feb-22,16:12:00,1.028
21-Feb-22,20:03:52,3.544
21-Feb-22,22:07:35,4.34
21-Feb-22,18:39:34,1.112
21-Feb-22,7:07:24,1.904
21-Feb-22,13:04:29,0.96
21-Feb-22,0:34:39,0.884
22-Feb-22,18:35:40,2.4
22-Feb-22,14:43:41,0.964
22-Feb-22,12:20:02,2.948
22-Feb-22,8:36:25,8.756
22-Feb-22,0:57:01,0.588
22-Feb-22,20:58:56,5.832
22-Feb-22,6:31:36,0.968
22-Feb-22,15:48:00,0.996
22-Feb-22,12:58:46,0.94
22-Feb-22,19:15:49,2.436
22-Feb-22,22:01:06,5.396
22-Feb-22,8:55:49,7.84
22-Feb-22,11:38:26,2.448
22-Feb-22,3:25:46,0.908
22-Feb-22,5:09:48,0.868
22-Feb-22,23:24:43,12.8
22-Feb-22,17:12:19,1.04
22-Feb-22,10:59:01,3.644
22-Feb-22,4:50:55,1.06
22-Feb-22,1:41:52,1.044
22-Feb-22,18:56:46,2.96
22-Feb-22,16:49:56,0.988
22-Feb-22,10:38:28,4.324
22-Feb-22,13:40:02,0.984
22-Feb-22,3:45:38,0.896
22-Feb-22,20:37:57,6.016
22-Feb-22,14:03:07,1.056
22-Feb-22,17:33:56,1.02
22-Feb-22,4:28:00,0.98
22-Feb-22,8:16:09,9.204
22-Feb-22,13:18:50,0.944
22-Feb-22,16:09:37,1.016
22-Feb-22,9:57:50,6.444
22-Feb-22,9:17:03,8.2
22-Feb-22,5:51:20,0.956
22-Feb-22,2:23:24,0.988
22-Feb-22,15:27:06,0.964
22-Feb-22,3:06:13,0.964
22-Feb-22,5:30:43,0.952
22-Feb-22,14:23:10,0.972
22-Feb-22,22:45:17,13.804
22-Feb-22,19:36:34,3.856
22-Feb-22,19:36:34,3.856
22-Feb-22,16:28:47,0.9
22-Feb-22,10:19:15,5.5
22-Feb-22,7:35:46,5.256
22-Feb-22,4:06:35,0.972
22-Feb-22,18:13:48,0.904
22-Feb-22,15:06:18,1.04
22-Feb-22,9:37:01,6.512
22-Feb-22,2:44:57,1.012
22-Feb-22,12:38:46,0.964
22-Feb-22,6:10:51,0.884
22-Feb-22,21:41:31,6.404
22-Feb-22,23:45:45,2.884
22-Feb-22,19:57:13,5.54
22-Feb-22,6:51:18,0.904
22-Feb-22,0:16:13,0.88
22-Feb-22,7:14:59,1.076
22-Feb-22,11:19:12,3.928
22-Feb-22,2:01:25,0.9
22-Feb-22,20:16:41,5.88
22-Feb-22,17:54:27,0.932
22-Feb-22,21:19:42,6.196
22-Feb-22,7:55:49,8.748
22-Feb-22,11:59:13,1.972
22-Feb-22,1:19:20,1.02
23-Feb-22,15:30:26,0.904
23-Feb-22,7:28:46,6.032
23-Feb-22,11:01:17,2.764
23-Feb-22,15:52:55,1.056
23-Feb-22,3:38:01,0.916
23-Feb-22,8:11:00,6.148
23-Feb-22,6:06:52,0.98
23-Feb-22,19:37:34,1
23-Feb-22,14:51:32,0.992
23-Feb-22,12:02:47,0.696
23-Feb-22,2:12:46,0.888
23-Feb-22,22:44:15,3.92
23-Feb-22,7:06:38,3.824
23-Feb-22,1:32:50,0.876
23-Feb-22,18:55:43,0.972
23-Feb-22,0:07:44,1.02
23-Feb-22,16:12:33,0.904
23-Feb-22,17:55:20,0.984
23-Feb-22,9:38:12,3.94
23-Feb-22,14:07:41,0.9
23-Feb-22,5:24:35,0.968
23-Feb-22,0:29:57,1.028
23-Feb-22,18:14:40,0.888
23-Feb-22,10:00:13,3.78
23-Feb-22,2:36:58,1.076
23-Feb-22,21:18:39,2.988
23-Feb-22,6:25:47,0.852
23-Feb-22,2:58:18,0.996
23-Feb-22,17:13:54,0.988
23-Feb-22,20:16:52,3.084
23-Feb-22,23:45:43,2.852
23-Feb-22,16:32:34,0.936
23-Feb-22,19:15:57,0.944
23-Feb-22,13:04:41,1.04
23-Feb-22,10:20:04,2.208
23-Feb-22,4:17:48,0.908
23-Feb-22,22:00:41,5.132
23-Feb-22,22:23:58,1.088
23-Feb-22,15:10:50,0.896
23-Feb-22,9:16:06,4.976
23-Feb-22,5:02:51,1.088
23-Feb-22,3:57:49,0.928
23-Feb-22,12:42:27,0.896
23-Feb-22,16:52:31,0.94
23-Feb-22,20:36:30,1.984
23-Feb-22,8:33:11,5.924
23-Feb-22,5:46:04,0.98
23-Feb-22,0:51:59,1.02
23-Feb-22,11:20:47,0.888
23-Feb-22,1:13:50,0.98
23-Feb-22,4:39:51,0.988
23-Feb-22,7:48:45,5.784
23-Feb-22,23:06:06,3.688
23-Feb-22,20:58:31,3.576
23-Feb-22,11:43:16,1.056
23-Feb-22,13:48:22,1.996
23-Feb-22,17:34:08,0.944
23-Feb-22,1:53:27,0.952
23-Feb-22,18:34:38,0.932
23-Feb-22,12:23:00,0.944
23-Feb-22,3:17:37,0.892
23-Feb-22,6:47:46,1
23-Feb-22,23:25:24,3.648
23-Feb-22,14:30:18,1.04
23-Feb-22,8:53:15,4.336
24-Feb-22,2:32:58,0.956
24-Feb-22,6:21:47,0.912
24-Feb-22,0:50:24,0.9
24-Feb-22,16:48:51,0.928
24-Feb-22,20:06:25,3.088
24-Feb-22,17:52:26,0.9
24-Feb-22,15:07:39,0.904
24-Feb-22,10:55:48,0.884
24-Feb-22,7:45:07,0.92
24-Feb-22,21:51:55,4.32
24-Feb-22,5:19:28,0.924
24-Feb-22,8:49:05,0.98
24-Feb-22,1:11:12,0.944
24-Feb-22,18:13:37,0.984
24-Feb-22,14:48:10,0.872
24-Feb-22,11:17:06,0.96
24-Feb-22,14:28:29,1.016
24-Feb-22,21:32:22,3.372
24-Feb-22,14:06:41,0.876
24-Feb-22,22:58:00,5.28
24-Feb-22,17:11:14,1.056
24-Feb-22,20:50:56,4.248
24-Feb-22,7:25:43,0.996
24-Feb-22,3:33:38,0.904
24-Feb-22,13:47:19,0.984
24-Feb-22,10:36:47,1.112
24-Feb-22,11:56:49,0.876
24-Feb-22,15:28:13,0.932
24-Feb-22,9:32:52,1.048
24-Feb-22,22:13:06,4.84
24-Feb-22,18:34:10,0.956
24-Feb-22,16:08:28,0.884
24-Feb-22,2:52:25,0.892
24-Feb-22,8:27:50,1.024
24-Feb-22,23:19:14,5.056
24-Feb-22,0:30:56,1.008
24-Feb-22,13:03:36,2.676
24-Feb-22,7:04:09,0.876
24-Feb-22,9:53:39,0.94
24-Feb-22,0:08:52,1.064
24-Feb-22,21:11:55,4.288
24-Feb-22,8:06:19,0.956
24-Feb-22,4:18:12,2.036
24-Feb-22,1:31:16,0.936
24-Feb-22,11:37:48,0.956
24-Feb-22,22:34:25,4.852
24-Feb-22,19:15:59,1.18
24-Feb-22,16:29:09,0.936
24-Feb-22,6:01:44,1.936
24-Feb-22,15:49:35,1.024
24-Feb-22,9:10:44,0.984
24-Feb-22,3:14:04,0.996
24-Feb-22,4:59:29,0.972
24-Feb-22,23:39:07,4.676
24-Feb-22,18:55:51,1.032
24-Feb-22,4:38:31,0.916
24-Feb-22,2:12:06,1.848
24-Feb-22,6:44:33,1.056
24-Feb-22,10:12:57,0.884
24-Feb-22,17:33:25,1.036
24-Feb-22,20:26:57,4.152
24-Feb-22,13:25:51,1.036
25-Feb-22,19:37:28,0.972
25-Feb-22,4:10:15,0.912
25-Feb-22,13:53:11,0.968
25-Feb-22,7:59:07,6.392
25-Feb-22,20:59:22,1.068
25-Feb-22,18:36:33,0.968
25-Feb-22,15:34:10,0.92
25-Feb-22,12:31:14,1.08
25-Feb-22,4:29:29,0.888
25-Feb-22,1:06:08,0.944
25-Feb-22,5:12:22,0.964
25-Feb-22,2:29:22,0.94
25-Feb-22,15:14:36,0.94
25-Feb-22,8:59:56,4.956
25-Feb-22,5:53:59,1.024
25-Feb-22,14:54:54,1.044
25-Feb-22,22:44:28,1.004
25-Feb-22,13:12:30,0.984
25-Feb-22,8:40:08,6.052
25-Feb-22,3:08:47,0.916
25-Feb-22,5:31:50,0.888
25-Feb-22,19:16:40,0.896
25-Feb-22,22:02:54,1.064
25-Feb-22,15:54:39,0.952
25-Feb-22,12:51:20,0.94
25-Feb-22,10:44:43,1.904
25-Feb-22,0:45:45,1
25-Feb-22,7:15:14,1.196
25-Feb-22,18:15:30,0.916
25-Feb-22,6:53:40,0.912
25-Feb-22,2:48:46,0.908
25-Feb-22,21:19:58,0.952
25-Feb-22,0:00:41,1.096
25-Feb-22,3:29:45,0.948
25-Feb-22,17:56:04,0.972
25-Feb-22,4:51:48,1.004
25-Feb-22,1:46:26,0.872
25-Feb-22,18:57:15,0.996
25-Feb-22,22:22:46,0.964
25-Feb-22,21:39:47,0.96
25-Feb-22,12:08:51,0.884
25-Feb-22,1:26:53,0.948
25-Feb-22,9:42:00,3.608
25-Feb-22,23:05:32,1.016
25-Feb-22,14:32:26,0.88
25-Feb-22,17:35:12,0.968
25-Feb-22,11:49:38,1.08
25-Feb-22,6:13:59,0.896
25-Feb-22,16:55:08,2.82
25-Feb-22,20:16:37,0.932
25-Feb-22,14:13:23,0.94
25-Feb-22,7:35:43,6.068
25-Feb-22,3:50:49,0.96
25-Feb-22,0:23:46,1.064
25-Feb-22,23:47:29,0.992
25-Feb-22,10:04:13,0.98
25-Feb-22,6:34:04,0.928
25-Feb-22,23:26:39,0.992
25-Feb-22,19:56:58,0.936
25-Feb-22,13:33:14,0.948
25-Feb-22,2:09:09,1.04
25-Feb-22,11:26:41,2
25-Feb-22,8:19:31,5.74
25-Feb-22,17:14:51,0.932
25-Feb-22,20:37:09,0.944
26-Feb-22,12:58:12,1.48
26-Feb-22,1:48:47,0.896
26-Feb-22,9:01:53,1.068
26-Feb-22,17:32:37,0.856
26-Feb-22,13:20:23,1.012
26-Feb-22,8:38:50,1.936
26-Feb-22,3:30:47,0.88
26-Feb-22,11:32:37,1.008
26-Feb-22,3:11:33,1.044
26-Feb-22,7:14:58,0.92
26-Feb-22,2:08:24,0.912
26-Feb-22,5:52:44,1.852
26-Feb-22,13:40:34,0.908
26-Feb-22,4:31:52,0.96
26-Feb-22,9:24:01,1.004
26-Feb-22,0:47:36,0.94
26-Feb-22,5:11:57,1.844
26-Feb-22,9:44:05,0.94
26-Feb-22,1:08:30,0.944
26-Feb-22,11:11:06,0.9
26-Feb-22,2:49:38,0.916
26-Feb-22,16:04:25,2.088
26-Feb-22,10:50:48,2.012
26-Feb-22,6:33:03,0.928
26-Feb-22,1:28:50,0.952
26-Feb-22,17:13:38,1.956
26-Feb-22,6:55:02,1.008
26-Feb-22,14:44:58,0.992
26-Feb-22,12:01:40,1.256
26-Feb-22,7:56:23,0.872
26-Feb-22,4:10:48,1.836
26-Feb-22,0:27:20,1.844
26-Feb-22,16:31:16,1.2
26-Feb-22,2:28:57,0.956
26-Feb-22,14:22:55,0.992
26-Feb-22,12:23:21,0.984
26-Feb-22,6:12:51,0.944
26-Feb-22,10:04:55,0.948
26-Feb-22,15:07:41,1.02
26-Feb-22,14:01:18,0.94
26-Feb-22,7:37:25,1.032
27-Feb-22,20:24:35,0.868
27-Feb-22,22:50:13,0.948
27-Feb-22,8:25:59,0.94
27-Feb-22,16:59:51,1.056
27-Feb-22,14:29:11,2.052
27-Feb-22,11:14:51,0.992
27-Feb-22,13:20:12,1.12
27-Feb-22,19:44:28,0.924
27-Feb-22,9:48:47,0.92
27-Feb-22,23:09:25,0.904
27-Feb-22,20:05:46,1.016
27-Feb-22,8:45:47,0.932
27-Feb-22,12:36:10,0.968
27-Feb-22,15:55:56,1.14
27-Feb-22,18:44:28,0.92
27-Feb-22,9:29:18,1.08
27-Feb-22,20:45:10,0.992
27-Feb-22,17:45:26,1.092
27-Feb-22,14:49:22,0.956
27-Feb-22,10:09:49,1.008
27-Feb-22,15:31:29,1.024
27-Feb-22,10:53:41,1.112
27-Feb-22,23:30:47,0.988
27-Feb-22,16:18:00,1.024
27-Feb-22,22:30:15,1.036
27-Feb-22,19:24:36,0.952
27-Feb-22,21:24:51,0.92
27-Feb-22,7:26:08,1.06
27-Feb-22,11:56:32,1.036
27-Feb-22,18:25:14,0.932
27-Feb-22,15:10:02,0.94
27-Feb-22,16:37:41,0.924
27-Feb-22,11:34:46,0.94
27-Feb-22,17:22:46,1.04
27-Feb-22,13:43:11,1.072
27-Feb-22,8:05:36,0.94
27-Feb-22,12:56:02,0.944
27-Feb-22,21:47:21,1.068
27-Feb-22,19:04:27,0.928
27-Feb-22,22:08:40,0.988
27-Feb-22,9:05:44,0.956
27-Feb-22,12:15:23,0.872
27-Feb-22,10:29:49,0.928
27-Feb-22,7:45:41,0.912
27-Feb-22,18:05:07,0.924
27-Feb-22,21:05:11,0.936
28-Feb-22,23:07:15,1.064
28-Feb-22,4:20:37,0.896
28-Feb-22,21:19:30,0.952
28-Feb-22,9:34:21,0.94
28-Feb-22,12:21:32,1.064
28-Feb-22,15:49:23,1.024
28-Feb-22,11:00:34,1.044
28-Feb-22,4:00:39,1.816
28-Feb-22,7:53:38,0.976
28-Feb-22,15:27:30,0.948
28-Feb-22,18:57:37,0.848
28-Feb-22,22:25:43,1.152
28-Feb-22,13:22:40,0.972
28-Feb-22,10:16:23,2
28-Feb-22,6:07:18,1.028
28-Feb-22,20:58:52,0.92
28-Feb-22,12:41:24,0.924
28-Feb-22,18:17:34,1.02
28-Feb-22,21:39:55,0.968
28-Feb-22,19:59:33,0.984
28-Feb-22,16:51:19,1.008
28-Feb-22,13:44:08,1.024
28-Feb-22,7:11:13,1.02
28-Feb-22,14:45:51,1.972
28-Feb-22,9:13:50,0.92
28-Feb-22,2:14:47,0.876
28-Feb-22,22:44:37,0.888
28-Feb-22,20:18:49,0.88
28-Feb-22,17:13:07,1.016
28-Feb-22,5:03:10,1.028
28-Feb-22,0:54:26,0.952
28-Feb-22,7:33:31,1.036
28-Feb-22,0:34:09,2.936
28-Feb-22,14:03:51,0.912
28-Feb-22,10:37:46,1.016
28-Feb-22,20:39:22,0.996
28-Feb-22,17:34:47,1.016
28-Feb-22,11:20:30,0.964
28-Feb-22,8:13:50,0.944
28-Feb-22,5:44:38,0.964
28-Feb-22,2:35:52,0.948
28-Feb-22,23:29:13,1.036
28-Feb-22,2:58:13,1.028
28-Feb-22,16:30:09,1.904
28-Feb-22,17:55:45,0.98
28-Feb-22,15:06:56,0.992
28-Feb-22,11:39:47,0.9
28-Feb-22,5:23:40,0.936
28-Feb-22,1:55:17,0.956
28-Feb-22,23:50:27,1
28-Feb-22,4:40:48,0.94
28-Feb-22,1:13:27,0.876
28-Feb-22,13:01:53,0.948
28-Feb-22,8:34:19,0.952
28-Feb-22,19:19:21,1.012
28-Feb-22,6:49:15,1.008
28-Feb-22,1:35:05,0.968
28-Feb-22,11:59:33,0.904
28-Feb-22,19:38:35,0.908
28-Feb-22,22:01:52,1.02
28-Feb-22,8:54:15,0.948
28-Feb-22,6:26:48,0.912
28-Feb-22,3:21:12,1.064
28-Feb-22,18:38:23,0.976
